[{"model": "auth.permission", "pk": 1, "fields": {"name": "Can add log entry", "content_type": 1, "codename": "add_logentry"}}, {"model": "auth.permission", "pk": 2, "fields": {"name": "Can change log entry", "content_type": 1, "codename": "change_logentry"}}, {"model": "auth.permission", "pk": 3, "fields": {"name": "Can delete log entry", "content_type": 1, "codename": "delete_logentry"}}, {"model": "auth.permission", "pk": 4, "fields": {"name": "Can add permission", "content_type": 2, "codename": "add_permission"}}, {"model": "auth.permission", "pk": 5, "fields": {"name": "Can change permission", "content_type": 2, "codename": "change_permission"}}, {"model": "auth.permission", "pk": 6, "fields": {"name": "Can delete permission", "content_type": 2, "codename": "delete_permission"}}, {"model": "auth.permission", "pk": 7, "fields": {"name": "Can add group", "content_type": 3, "codename": "add_group"}}, {"model": "auth.permission", "pk": 8, "fields": {"name": "Can change group", "content_type": 3, "codename": "change_group"}}, {"model": "auth.permission", "pk": 9, "fields": {"name": "Can delete group", "content_type": 3, "codename": "delete_group"}}, {"model": "auth.permission", "pk": 10, "fields": {"name": "Can add user", "content_type": 4, "codename": "add_user"}}, {"model": "auth.permission", "pk": 11, "fields": {"name": "Can change user", "content_type": 4, "codename": "change_user"}}, {"model": "auth.permission", "pk": 12, "fields": {"name": "Can delete user", "content_type": 4, "codename": "delete_user"}}, {"model": "auth.permission", "pk": 13, "fields": {"name": "Can add content type", "content_type": 5, "codename": "add_contenttype"}}, {"model": "auth.permission", "pk": 14, "fields": {"name": "Can change content type", "content_type": 5, "codename": "change_contenttype"}}, {"model": "auth.permission", "pk": 15, "fields": {"name": "Can delete content type", "content_type": 5, "codename": "delete_contenttype"}}, {"model": "auth.permission", "pk": 16, "fields": {"name": "Can add session", "content_type": 6, "codename": "add_session"}}, {"model": "auth.permission", "pk": 17, "fields": {"name": "Can change session", "content_type": 6, "codename": "change_session"}}, {"model": "auth.permission", "pk": 18, "fields": {"name": "Can delete session", "content_type": 6, "codename": "delete_session"}}, {"model": "auth.permission", "pk": 19, "fields": {"name": "Can add Industry", "content_type": 7, "codename": "add_industry"}}, {"model": "auth.permission", "pk": 20, "fields": {"name": "Can change Industry", "content_type": 7, "codename": "change_industry"}}, {"model": "auth.permission", "pk": 21, "fields": {"name": "Can delete Industry", "content_type": 7, "codename": "delete_industry"}}, {"model": "auth.permission", "pk": 22, "fields": {"name": "Can add purpose", "content_type": 8, "codename": "add_purpose"}}, {"model": "auth.permission", "pk": 23, "fields": {"name": "Can change purpose", "content_type": 8, "codename": "change_purpose"}}, {"model": "auth.permission", "pk": 24, "fields": {"name": "Can delete purpose", "content_type": 8, "codename": "delete_purpose"}}, {"model": "auth.permission", "pk": 25, "fields": {"name": "Can add benefit type", "content_type": 9, "codename": "add_benefittype"}}, {"model": "auth.permission", "pk": 26, "fields": {"name": "Can change benefit type", "content_type": 9, "codename": "change_benefittype"}}, {"model": "auth.permission", "pk": 27, "fields": {"name": "Can delete benefit type", "content_type": 9, "codename": "delete_benefittype"}}, {"model": "auth.permission", "pk": 28, "fields": {"name": "Can add Agency", "content_type": 10, "codename": "add_agency"}}, {"model": "auth.permission", "pk": 29, "fields": {"name": "Can change Agency", "content_type": 10, "codename": "change_agency"}}, {"model": "auth.permission", "pk": 30, "fields": {"name": "Can delete Agency", "content_type": 10, "codename": "delete_agency"}}, {"model": "auth.permission", "pk": 31, "fields": {"name": "Can add Opportunity", "content_type": 11, "codename": "add_opportunity"}}, {"model": "auth.permission", "pk": 32, "fields": {"name": "Can change Opportunity", "content_type": 11, "codename": "change_opportunity"}}, {"model": "auth.permission", "pk": 33, "fields": {"name": "Can delete Opportunity", "content_type": 11, "codename": "delete_opportunity"}}, {"model": "auth.permission", "pk": 34, "fields": {"name": "Can add example opportunity", "content_type": 12, "codename": "add_exampleopportunity"}}, {"model": "auth.permission", "pk": 35, "fields": {"name": "Can change example opportunity", "content_type": 12, "codename": "change_exampleopportunity"}}, {"model": "auth.permission", "pk": 36, "fields": {"name": "Can delete example opportunity", "content_type": 12, "codename": "delete_exampleopportunity"}}, {"model": "auth.permission", "pk": 37, "fields": {"name": "Can add Opportunity Search", "content_type": 13, "codename": "add_opportunitysearch"}}, {"model": "auth.permission", "pk": 38, "fields": {"name": "Can change Opportunity Search", "content_type": 13, "codename": "change_opportunitysearch"}}, {"model": "auth.permission", "pk": 39, "fields": {"name": "Can delete Opportunity Search", "content_type": 13, "codename": "delete_opportunitysearch"}}, {"model": "auth.permission", "pk": 40, "fields": {"name": "Can add Opportunity", "content_type": 14, "codename": "add_longbeachopportunity"}}, {"model": "auth.permission", "pk": 41, "fields": {"name": "Can change Opportunity", "content_type": 14, "codename": "change_longbeachopportunity"}}, {"model": "auth.permission", "pk": 42, "fields": {"name": "Can delete Opportunity", "content_type": 14, "codename": "delete_longbeachopportunity"}}, {"model": "auth.group", "pk": 1, "fields": {"name": "City Staff Supervisors", "permissions": [40, 41, 42, 28, 29, 30, 25, 26, 27, 19, 20, 21, 33, 22, 23, 24]}}, {"model": "auth.group", "pk": 2, "fields": {"name": "City Staff", "permissions": [40, 41, 42, 28, 29, 30, 33]}}, {"model": "auth.user", "pk": 1, "fields": {"password": "pbkdf2_sha256$24000$XnvkdZd8feHT$3eJITyjBpiUCeWHf969mwshIOYoi0B+bn+krzr5yw54=", "last_login": "2016-09-19T22:14:14.231Z", "is_superuser": true, "username": "markrossetti", "first_name": "", "last_name": "", "email": "markrossetti@codeforamerica.org", "is_staff": true, "is_active": true, "date_joined": "2016-07-18T19:54:40.442Z", "groups": [], "user_permissions": []}}, {"model": "auth.user", "pk": 2, "fields": {"password": "pbkdf2_sha256$24000$SSQxBqcaato6$/HqBc4TfP1W0AgdPVNNDn5hGvLytJXYuEuvdUK6buEI=", "last_login": null, "is_superuser": false, "username": "seyed.jalali@longbeach.gov", "first_name": "Seyed", "last_name": "Jalali", "email": "seyed.jalali@longbeach.gov", "is_staff": true, "is_active": true, "date_joined": "2016-08-05T19:05:39Z", "groups": [2], "user_permissions": [13, 14, 15, 40, 41, 42, 28, 29, 30, 25, 26, 27, 34, 35, 36, 19, 20, 21, 31, 32, 33, 37, 38, 39, 22, 23, 24]}}, {"model": "auth.user", "pk": 5, "fields": {"password": "pbkdf2_sha256$24000$1WNWGebf47qy$dic6K5oGEo88dcz/2k/DBr1CCzpMrr/MJlveXmd4yBw=", "last_login": "2016-09-30T22:13:41.314Z", "is_superuser": true, "username": "patrickm", "first_name": "", "last_name": "", "email": "", "is_staff": true, "is_active": true, "date_joined": "2016-09-19T22:15:11Z", "groups": [], "user_permissions": []}}, {"model": "auth.user", "pk": 6, "fields": {"password": "pbkdf2_sha256$24000$WljhKHKWA4Et$pPF43VQ9L6KkcA+4ov6dCoToReezarpXRjN+JypugIk=", "last_login": null, "is_superuser": true, "username": "mikela", "first_name": "", "last_name": "", "email": "", "is_staff": true, "is_active": true, "date_joined": "2016-09-19T22:16:30Z", "groups": [], "user_permissions": []}}, {"model": "sessions.session", "pk": "0eyvf0vr5pdhnae02kzbydvgg2jxtf38", "fields": {"session_data": "NGEzZDRiYzNkMmFiMmU0ZTkzYzRlYmZhYTMwOGFkZjBhNGVhYzBjZTp7Il9hdXRoX3VzZXJfaGFzaCI6IjBiNTkzZDE4NTQ5NWIzYjIwMmE5OWU1NDE4YjcwYmUxNmNmZWY0NGUiLCJfYXV0aF91c2VyX2lkIjoiMSIsIl9hdXRoX3VzZXJfYmFja2VuZCI6ImRqYW5nby5jb250cmliLmF1dGguYmFja2VuZHMuTW9kZWxCYWNrZW5kIn0=", "expire_date": "2016-10-03T22:14:14.235Z"}}, {"model": "sessions.session", "pk": "3xn4munj0xcrnlgsa4tun1pfk430egrt", "fields": {"session_data": "Yzc1NmQ2MWFiZDUyMDc2MzVmMmIyYzVmOGRmZWVjNjBkOWFhZTYzMzp7Il9hdXRoX3VzZXJfaGFzaCI6Ijg0OGJmMTFjZDMyNmQxNTAxOGJkMWNhY2NiYzY2YzQzMTI5NjdhZmIiLCJfYXV0aF91c2VyX2lkIjoiNSIsIl9hdXRoX3VzZXJfYmFja2VuZCI6ImRqYW5nby5jb250cmliLmF1dGguYmFja2VuZHMuTW9kZWxCYWNrZW5kIn0=", "expire_date": "2016-10-14T22:13:41.318Z"}}, {"model": "sessions.session", "pk": "hhb90r2y1xoyg7hp3pmjksqc1xpgr6p9", "fields": {"session_data": "NGEzZDRiYzNkMmFiMmU0ZTkzYzRlYmZhYTMwOGFkZjBhNGVhYzBjZTp7Il9hdXRoX3VzZXJfaGFzaCI6IjBiNTkzZDE4NTQ5NWIzYjIwMmE5OWU1NDE4YjcwYmUxNmNmZWY0NGUiLCJfYXV0aF91c2VyX2lkIjoiMSIsIl9hdXRoX3VzZXJfYmFja2VuZCI6ImRqYW5nby5jb250cmliLmF1dGguYmFja2VuZHMuTW9kZWxCYWNrZW5kIn0=", "expire_date": "2016-08-03T18:16:23.683Z"}}, {"model": "sessions.session", "pk": "ivhr09g8aalfc6zk9t81kwbjcx68mic7", "fields": {"session_data": "Yzc1NmQ2MWFiZDUyMDc2MzVmMmIyYzVmOGRmZWVjNjBkOWFhZTYzMzp7Il9hdXRoX3VzZXJfaGFzaCI6Ijg0OGJmMTFjZDMyNmQxNTAxOGJkMWNhY2NiYzY2YzQzMTI5NjdhZmIiLCJfYXV0aF91c2VyX2lkIjoiNSIsIl9hdXRoX3VzZXJfYmFja2VuZCI6ImRqYW5nby5jb250cmliLmF1dGguYmFja2VuZHMuTW9kZWxCYWNrZW5kIn0=", "expire_date": "2016-10-04T00:39:16.287Z"}}, {"model": "sessions.session", "pk": "ne5jzjhoye5ct4ita6w8fzt3fjvoafz6", "fields": {"session_data": "NGEzZDRiYzNkMmFiMmU0ZTkzYzRlYmZhYTMwOGFkZjBhNGVhYzBjZTp7Il9hdXRoX3VzZXJfaGFzaCI6IjBiNTkzZDE4NTQ5NWIzYjIwMmE5OWU1NDE4YjcwYmUxNmNmZWY0NGUiLCJfYXV0aF91c2VyX2lkIjoiMSIsIl9hdXRoX3VzZXJfYmFja2VuZCI6ImRqYW5nby5jb250cmliLmF1dGguYmFja2VuZHMuTW9kZWxCYWNrZW5kIn0=", "expire_date": "2016-08-11T23:10:45.980Z"}}, {"model": "sessions.session", "pk": "nzh98f941r2qailtchuud7rnecfpfhze", "fields": {"session_data": "NGEzZDRiYzNkMmFiMmU0ZTkzYzRlYmZhYTMwOGFkZjBhNGVhYzBjZTp7Il9hdXRoX3VzZXJfaGFzaCI6IjBiNTkzZDE4NTQ5NWIzYjIwMmE5OWU1NDE4YjcwYmUxNmNmZWY0NGUiLCJfYXV0aF91c2VyX2lkIjoiMSIsIl9hdXRoX3VzZXJfYmFja2VuZCI6ImRqYW5nby5jb250cmliLmF1dGguYmFja2VuZHMuTW9kZWxCYWNrZW5kIn0=", "expire_date": "2016-08-29T20:55:04.177Z"}}, {"model": "sessions.session", "pk": "v535wyo52bzk8da6jhmhpv78kjmzujfs", "fields": {"session_data": "NGQzZDkxZjBkMDIxODA1NTVkMzZhYjVhNDA4MDRmOGQ3ZjRkYTRlMjp7Il9hdXRoX3VzZXJfaGFzaCI6IjZjNTg5N2ZkM2I2NDU5YWQwMzdhOTRhMGY5OWI4MTQ2MTU4ZDhiMWIiLCJfYXV0aF91c2VyX2lkIjoiNCIsIl9hdXRoX3VzZXJfYmFja2VuZCI6ImRqYW5nby5jb250cmliLmF1dGguYmFja2VuZHMuTW9kZWxCYWNrZW5kIn0=", "expire_date": "2016-08-29T20:58:13.014Z"}}, {"model": "wealthmap.industry", "pk": 1, "fields": {"created_at": "2016-07-18T19:55:13.802Z", "updated_at": "2016-07-18T19:55:13.802Z", "creator": 1, "name": "Manufacturing", "order": 1}}, {"model": "wealthmap.industry", "pk": 2, "fields": {"created_at": "2016-07-18T20:40:16.331Z", "updated_at": "2016-07-18T20:40:16.331Z", "creator": 1, "name": "Agriculture", "order": 2}}, {"model": "wealthmap.industry", "pk": 3, "fields": {"created_at": "2016-07-18T20:40:16.331Z", "updated_at": "2016-07-18T20:40:16.331Z", "creator": 1, "name": "Finance", "order": 3}}, {"model": "wealthmap.industry", "pk": 4, "fields": {"created_at": "2016-07-18T20:40:24.986Z", "updated_at": "2016-07-18T20:40:24.986Z", "creator": 1, "name": "Other", "order": 4}}, {"model": "wealthmap.purpose", "pk": 1, "fields": {"created_at": "2016-07-18T19:55:22.422Z", "updated_at": "2016-07-21T16:41:46.720Z", "creator": 1, "name": "Hiring", "order": 3}}, {"model": "wealthmap.purpose", "pk": 2, "fields": {"created_at": "2016-07-18T22:10:18.892Z", "updated_at": "2016-07-18T22:10:18.892Z", "creator": 1, "name": "Relocation", "order": 4}}, {"model": "wealthmap.purpose", "pk": 3, "fields": {"created_at": "2016-07-18T22:10:18.892Z", "updated_at": "2016-07-21T16:41:45.482Z", "creator": 1, "name": "Equipment", "order": 2}}, {"model": "wealthmap.purpose", "pk": 4, "fields": {"created_at": "2016-07-18T22:10:18.892Z", "updated_at": "2016-07-18T22:10:18.892Z", "creator": 1, "name": "Training", "order": 5}}, {"model": "wealthmap.purpose", "pk": 5, "fields": {"created_at": "2016-07-18T22:10:18.892Z", "updated_at": "2016-07-21T16:41:48.984Z", "creator": 1, "name": "Disaster Recovery", "order": 1}}, {"model": "wealthmap.purpose", "pk": 6, "fields": {"created_at": "2016-07-18T22:10:18.892Z", "updated_at": "2016-07-18T22:10:18.892Z", "creator": 1, "name": "Construction/Remodeling", "order": 6}}, {"model": "wealthmap.benefittype", "pk": 1, "fields": {"created_at": "2016-07-18T19:55:06.780Z", "updated_at": "2016-07-18T19:55:06.780Z", "creator": 1, "name": "Money", "order": 1}}, {"model": "wealthmap.benefittype", "pk": 2, "fields": {"created_at": "2016-07-18T22:10:04.454Z", "updated_at": "2016-07-18T22:10:04.454Z", "creator": 1, "name": "Advice", "order": 2}}, {"model": "wealthmap.agency", "pk": 1, "fields": {"created_at": "2016-07-18T19:55:59.152Z", "updated_at": "2016-07-18T19:55:59.152Z", "creator": 1, "name": "USDA", "phone": "", "fax": "", "email": "", "street_address": "", "url": "http://www.usda.gov/"}}, {"model": "wealthmap.agency", "pk": 2, "fields": {"created_at": "2016-07-18T19:55:59.152Z", "updated_at": "2016-07-18T19:55:59.152Z", "creator": 1, "name": "4th Street BID", "phone": "", "fax": "", "email": "", "street_address": "", "url": ""}}, {"model": "wealthmap.agency", "pk": 3, "fields": {"created_at": "2016-07-18T19:55:59.152Z", "updated_at": "2016-07-18T19:55:59.152Z", "creator": 1, "name": "Bixby Knolls BID", "phone": "", "fax": "", "email": "", "street_address": "", "url": "http://bixbyknollsinfo.com/"}}, {"model": "wealthmap.agency", "pk": 4, "fields": {"created_at": "2016-07-18T19:55:59.152Z", "updated_at": "2016-07-18T19:55:59.152Z", "creator": 1, "name": "California Alternative Energy and Advanced Transportation Financing Authority (CAEATFA)", "phone": "", "fax": "", "email": "", "street_address": "", "url": ""}}, {"model": "wealthmap.agency", "pk": 5, "fields": {"created_at": "2016-07-18T19:55:59.152Z", "updated_at": "2016-07-18T19:55:59.152Z", "creator": 1, "name": "California State Board of Equalization", "phone": "", "fax": "", "email": "", "street_address": "", "url": "http://www.boe.ca.gov/sutax/"}}, {"model": "wealthmap.agency", "pk": 6, "fields": {"created_at": "2016-07-18T19:55:59.152Z", "updated_at": "2016-07-18T19:55:59.152Z", "creator": 1, "name": "City of Long Beach", "phone": "", "fax": "", "email": "", "street_address": "", "url": "http://www.longbeach.gov/"}}, {"model": "wealthmap.agency", "pk": 7, "fields": {"created_at": "2016-07-18T19:55:59.152Z", "updated_at": "2016-07-18T19:55:59.152Z", "creator": 1, "name": "Department of Commerce", "phone": "", "fax": "", "email": "", "street_address": "", "url": ""}}, {"model": "wealthmap.agency", "pk": 8, "fields": {"created_at": "2016-07-18T19:55:59.152Z", "updated_at": "2016-07-18T19:55:59.152Z", "creator": 1, "name": "Dept of the Treasury - CDFI Fund", "phone": "", "fax": "", "email": "", "street_address": "", "url": "https://www.cdfifund.gov"}}, {"model": "wealthmap.agency", "pk": 9, "fields": {"created_at": "2016-07-18T19:55:59.152Z", "updated_at": "2016-07-18T19:55:59.152Z", "creator": 1, "name": "Downtown Long Beach Association (DLBA)", "phone": "", "fax": "", "email": "", "street_address": "", "url": "http://www.downtownlongbeach.org/"}}, {"model": "wealthmap.agency", "pk": 10, "fields": {"created_at": "2016-07-18T19:55:59.152Z", "updated_at": "2016-07-18T19:55:59.152Z", "creator": 1, "name": "Employment Training Panel", "phone": "", "fax": "", "email": "", "street_address": "", "url": "http://www.etp.ca.gov/"}}, {"model": "wealthmap.agency", "pk": 11, "fields": {"created_at": "2016-07-18T19:55:59.152Z", "updated_at": "2016-07-18T19:55:59.152Z", "creator": 1, "name": "GO-Biz", "phone": "", "fax": "", "email": "", "street_address": "", "url": "http://business.ca.gov/"}}, {"model": "wealthmap.agency", "pk": 12, "fields": {"created_at": "2016-07-18T19:55:59.152Z", "updated_at": "2016-07-18T19:55:59.152Z", "creator": 1, "name": "Goldman Sachs", "phone": "", "fax": "", "email": "", "street_address": "", "url": "http://www.lbcc.edu/CAED/10000sb-about.cfm"}}, {"model": "wealthmap.agency", "pk": 13, "fields": {"created_at": "2016-07-18T19:55:59.152Z", "updated_at": "2016-07-20T16:57:26.896Z", "creator": 1, "name": "Cambodia Town BID", "phone": "", "fax": "", "email": "", "street_address": "", "url": ""}}, {"model": "wealthmap.agency", "pk": 14, "fields": {"created_at": "2016-07-18T19:55:59.152Z", "updated_at": "2016-07-18T19:55:59.152Z", "creator": 1, "name": "OpenCounter", "phone": "", "fax": "", "email": "", "street_address": "", "url": "https://long-beach.opencounter.com/"}}, {"model": "wealthmap.agency", "pk": 15, "fields": {"created_at": "2016-07-18T19:55:59.152Z", "updated_at": "2016-07-18T19:55:59.152Z", "creator": 1, "name": "Port of Long Beach", "phone": "", "fax": "", "email": "", "street_address": "", "url": "http://www.polb.com/"}}, {"model": "wealthmap.agency", "pk": 16, "fields": {"created_at": "2016-07-18T19:55:59.152Z", "updated_at": "2016-07-18T19:55:59.152Z", "creator": 1, "name": "SBA", "phone": "", "fax": "", "email": "", "street_address": "", "url": "https://www.sba.gov/"}}, {"model": "wealthmap.agency", "pk": 17, "fields": {"created_at": "2016-07-18T19:55:59.152Z", "updated_at": "2016-07-18T19:55:59.152Z", "creator": 1, "name": "SCORE", "phone": "", "fax": "", "email": "", "street_address": "", "url": ""}}, {"model": "wealthmap.agency", "pk": 18, "fields": {"created_at": "2016-07-18T19:55:59.152Z", "updated_at": "2016-07-18T19:55:59.152Z", "creator": 1, "name": "Small Business Development Center (SBDC)", "phone": "", "fax": "", "email": "", "street_address": "", "url": ""}}, {"model": "wealthmap.agency", "pk": 19, "fields": {"created_at": "2016-07-18T19:55:59.152Z", "updated_at": "2016-07-18T19:55:59.152Z", "creator": 1, "name": "Small Business Financial Development Corporation (SBFDC)", "phone": "", "fax": "", "email": "", "street_address": "", "url": ""}}, {"model": "wealthmap.agency", "pk": 20, "fields": {"created_at": "2016-07-18T19:55:59.152Z", "updated_at": "2016-07-18T19:55:59.152Z", "creator": 1, "name": "State of California Franchise Tax Board", "phone": "", "fax": "", "email": "", "street_address": "", "url": ""}}, {"model": "wealthmap.agency", "pk": 21, "fields": {"created_at": "2016-08-05T22:23:30.836Z", "updated_at": "2016-08-05T22:23:30.836Z", "creator": 1, "name": "Jewish Free Loan Association", "phone": "(323) 761-8830", "fax": "(323) 761-8841", "email": "info@jfla.org", "street_address": "6505 Wilshire Boulevard, Suite 715, Los Angeles, CA 90048", "url": "https://www.jfla.org"}}, {"model": "wealthmap.agency", "pk": 22, "fields": {"created_at": "2016-08-05T22:29:25.344Z", "updated_at": "2016-08-05T22:29:25.344Z", "creator": 1, "name": "Pacific Asian Consortium in Employment (PACE)", "phone": "(213) 898-3251", "fax": "", "email": "", "street_address": "1055 Wilshire Boulevard, Ste. 900B, Los Angeles, CA 90117", "url": "http://www.pacela.org"}}, {"model": "wealthmap.agency", "pk": 24, "fields": {"created_at": "2016-10-03T16:25:36.583Z", "updated_at": "2016-10-03T16:25:36.583Z", "creator": 1, "name": "National Development Council", "phone": "212-682-1106", "fax": "", "email": "info@ndconline.org", "street_address": "One Battery Park Plaza, 24 Whitehall Street Suite 710, New York, NY 10004", "url": "http://ndconline.org/"}}, {"model": "wealthmap.opportunity", "pk": 1, "fields": {"created_at": "2016-07-18T19:55:59.152Z", "updated_at": "2016-07-20T16:55:58.032Z", "creator": 1, "city": "Long Beach", "state": "CA", "personal_investment": false, "existing_business": "new", "small_business": false, "title": "4th Street Area Business Support", "agency": 2, "benefit_types": [2], "industries": [], "purposes": []}}, {"model": "wealthmap.opportunity", "pk": 2, "fields": {"created_at": "2016-07-18T19:55:59.152Z", "updated_at": "2016-07-20T00:55:00.988Z", "creator": 1, "city": "Long Beach", "state": "CA", "personal_investment": false, "existing_business": "new", "small_business": true, "title": "Bixby Knolls Area Business Support", "agency": 3, "benefit_types": [2], "industries": [], "purposes": []}}, {"model": "wealthmap.opportunity", "pk": 3, "fields": {"created_at": "2016-07-18T19:55:59.152Z", "updated_at": "2016-07-20T16:59:40.892Z", "creator": 1, "city": "Long Beach", "state": "CA", "personal_investment": true, "existing_business": null, "small_business": false, "title": "Sales and Use Tax Exclusion \u2013 Advanced Manufacturing & Transportation and Alternative Energy", "agency": 4, "benefit_types": [1], "industries": [1], "purposes": [3]}}, {"model": "wealthmap.opportunity", "pk": 4, "fields": {"created_at": "2016-07-18T19:55:59.152Z", "updated_at": "2016-07-20T00:52:31.238Z", "creator": 1, "city": "Long Beach", "state": "CA", "personal_investment": true, "existing_business": null, "small_business": false, "title": "Manufacturing and Research & Development Equipment Exemption", "agency": 5, "benefit_types": [1], "industries": [1], "purposes": [3]}}, {"model": "wealthmap.opportunity", "pk": 5, "fields": {"created_at": "2016-07-18T19:55:59.152Z", "updated_at": "2016-07-20T17:01:50.568Z", "creator": 1, "city": "Long Beach", "state": "CA", "personal_investment": false, "existing_business": null, "small_business": true, "title": "Incentive To Relocate Or Expand A Small Business", "agency": 6, "benefit_types": [1], "industries": [4], "purposes": [2]}}, {"model": "wealthmap.opportunity", "pk": 6, "fields": {"created_at": "2016-07-18T19:55:59.152Z", "updated_at": "2016-07-20T17:03:00.622Z", "creator": 1, "city": "Long Beach", "state": "CA", "personal_investment": false, "existing_business": null, "small_business": true, "title": "Incentive To Create Jobs", "agency": 6, "benefit_types": [1], "industries": [], "purposes": []}}, {"model": "wealthmap.opportunity", "pk": 7, "fields": {"created_at": "2016-07-18T19:55:59.152Z", "updated_at": "2016-07-20T00:50:14.166Z", "creator": 1, "city": "Long Beach", "state": "CA", "personal_investment": false, "existing_business": null, "small_business": true, "title": "Microenterprise Loan Program", "agency": 6, "benefit_types": [1], "industries": [], "purposes": []}}, {"model": "wealthmap.opportunity", "pk": 8, "fields": {"created_at": "2016-07-18T19:55:59.152Z", "updated_at": "2016-09-28T16:05:43.879Z", "creator": 1, "city": "Long Beach", "state": "CA", "personal_investment": false, "existing_business": null, "small_business": true, "title": "Incentive To Support Manufacturing", "agency": 6, "benefit_types": [1], "industries": [1], "purposes": [2]}}, {"model": "wealthmap.opportunity", "pk": 9, "fields": {"created_at": "2016-07-18T19:55:59.152Z", "updated_at": "2016-07-20T21:02:20.501Z", "creator": 1, "city": "Long Beach", "state": "CA", "personal_investment": true, "existing_business": null, "small_business": true, "title": "Incentive For Renovation And Construction", "agency": 6, "benefit_types": [1], "industries": [], "purposes": [6]}}, {"model": "wealthmap.opportunity", "pk": 10, "fields": {"created_at": "2016-07-18T19:55:59.152Z", "updated_at": "2016-07-20T00:45:57.685Z", "creator": 1, "city": "Long Beach", "state": "CA", "personal_investment": false, "existing_business": "existing", "small_business": true, "title": "Long Beach Business Loan Program", "agency": 6, "benefit_types": [1], "industries": [], "purposes": []}}, {"model": "wealthmap.opportunity", "pk": 11, "fields": {"created_at": "2016-07-18T19:55:59.152Z", "updated_at": "2016-07-20T00:43:56.682Z", "creator": 1, "city": "Long Beach", "state": "CA", "personal_investment": false, "existing_business": null, "small_business": true, "title": "Grow Long Beach Loan Program", "agency": 6, "benefit_types": [1], "industries": [], "purposes": []}}, {"model": "wealthmap.opportunity", "pk": 12, "fields": {"created_at": "2016-07-18T19:55:59.152Z", "updated_at": "2016-07-18T19:55:59.152Z", "creator": 1, "city": "Long Beach", "state": "CA", "personal_investment": false, "existing_business": null, "small_business": false, "title": "Native American Business Enterprise Centers (NABEC)", "agency": 7, "benefit_types": [2], "industries": [], "purposes": []}}, {"model": "wealthmap.opportunity", "pk": 13, "fields": {"created_at": "2016-07-18T19:55:59.152Z", "updated_at": "2016-07-20T00:41:14.564Z", "creator": 1, "city": "Long Beach", "state": "CA", "personal_investment": false, "existing_business": null, "small_business": false, "title": "Bank Enterprise Award", "agency": 8, "benefit_types": [1], "industries": [3], "purposes": []}}, {"model": "wealthmap.opportunity", "pk": 14, "fields": {"created_at": "2016-07-18T19:55:59.152Z", "updated_at": "2016-07-20T00:38:55.152Z", "creator": 1, "city": "Long Beach", "state": "CA", "personal_investment": false, "existing_business": "existing", "small_business": false, "title": "Native Initiatives", "agency": 8, "benefit_types": [1, 2], "industries": [3], "purposes": []}}, {"model": "wealthmap.opportunity", "pk": 15, "fields": {"created_at": "2016-07-18T19:55:59.152Z", "updated_at": "2016-07-18T19:55:59.152Z", "creator": 1, "city": "Long Beach", "state": "CA", "personal_investment": false, "existing_business": null, "small_business": false, "title": "Downtown Long Beach Area Business Support", "agency": 9, "benefit_types": [2], "industries": [], "purposes": []}}, {"model": "wealthmap.opportunity", "pk": 16, "fields": {"created_at": "2016-07-18T19:55:59.152Z", "updated_at": "2016-07-20T00:36:30.197Z", "creator": 1, "city": "Long Beach", "state": "CA", "personal_investment": false, "existing_business": null, "small_business": true, "title": "Small Business Program (SBP)", "agency": 10, "benefit_types": [1], "industries": [], "purposes": [4]}}, {"model": "wealthmap.opportunity", "pk": 17, "fields": {"created_at": "2016-07-18T19:55:59.152Z", "updated_at": "2016-07-18T19:55:59.152Z", "creator": 1, "city": "Long Beach", "state": "CA", "personal_investment": false, "existing_business": null, "small_business": false, "title": "California Competes Tax Credit", "agency": 11, "benefit_types": [1], "industries": [], "purposes": []}}, {"model": "wealthmap.opportunity", "pk": 18, "fields": {"created_at": "2016-07-18T19:55:59.152Z", "updated_at": "2016-07-18T19:55:59.152Z", "creator": 1, "city": "Long Beach", "state": "CA", "personal_investment": false, "existing_business": null, "small_business": false, "title": "Business Specialist", "agency": 11, "benefit_types": [2], "industries": [], "purposes": []}}, {"model": "wealthmap.opportunity", "pk": 19, "fields": {"created_at": "2016-07-18T19:55:59.152Z", "updated_at": "2016-07-18T19:55:59.152Z", "creator": 1, "city": "Long Beach", "state": "CA", "personal_investment": false, "existing_business": null, "small_business": false, "title": "Site Selection Assistance", "agency": 11, "benefit_types": [2], "industries": [], "purposes": []}}, {"model": "wealthmap.opportunity", "pk": 20, "fields": {"created_at": "2016-07-18T19:55:59.152Z", "updated_at": "2016-07-19T22:51:28.645Z", "creator": 1, "city": "Long Beach", "state": "CA", "personal_investment": false, "existing_business": null, "small_business": false, "title": "Permit Assistance", "agency": 11, "benefit_types": [2], "industries": [], "purposes": []}}, {"model": "wealthmap.opportunity", "pk": 21, "fields": {"created_at": "2016-07-18T19:55:59.152Z", "updated_at": "2016-07-19T22:50:18.639Z", "creator": 1, "city": "Long Beach", "state": "CA", "personal_investment": false, "existing_business": "existing", "small_business": true, "title": "10000 Small Businesses", "agency": 12, "benefit_types": [2], "industries": [], "purposes": []}}, {"model": "wealthmap.opportunity", "pk": 22, "fields": {"created_at": "2016-07-18T19:55:59.152Z", "updated_at": "2016-07-20T16:58:06.285Z", "creator": 1, "city": "Long Beach", "state": "CA", "personal_investment": false, "existing_business": null, "small_business": false, "title": "Cambodia Town Area Business Support", "agency": 13, "benefit_types": [2], "industries": [], "purposes": []}}, {"model": "wealthmap.opportunity", "pk": 23, "fields": {"created_at": "2016-07-18T19:55:59.152Z", "updated_at": "2016-07-19T22:48:03.746Z", "creator": 1, "city": "Long Beach", "state": "CA", "personal_investment": false, "existing_business": "new", "small_business": false, "title": "Permit Research Assistance", "agency": 14, "benefit_types": [2], "industries": [2], "purposes": []}}, {"model": "wealthmap.opportunity", "pk": 24, "fields": {"created_at": "2016-07-18T19:55:59.152Z", "updated_at": "2016-07-19T22:45:36.036Z", "creator": 1, "city": "Long Beach", "state": "CA", "personal_investment": false, "existing_business": null, "small_business": false, "title": "Grants for Air Emissions Reductions", "agency": 15, "benefit_types": [1], "industries": [], "purposes": []}}, {"model": "wealthmap.opportunity", "pk": 25, "fields": {"created_at": "2016-07-18T19:55:59.152Z", "updated_at": "2016-07-19T22:42:38.405Z", "creator": 1, "city": "Long Beach", "state": "CA", "personal_investment": true, "existing_business": null, "small_business": false, "title": "LINC", "agency": 16, "benefit_types": [1], "industries": [], "purposes": []}}, {"model": "wealthmap.opportunity", "pk": 26, "fields": {"created_at": "2016-07-18T19:55:59.152Z", "updated_at": "2016-07-19T22:39:17.839Z", "creator": 1, "city": "Long Beach", "state": "CA", "personal_investment": false, "existing_business": null, "small_business": true, "title": "Economic Injury Disaster Loans", "agency": 16, "benefit_types": [1], "industries": [], "purposes": [5]}}, {"model": "wealthmap.opportunity", "pk": 27, "fields": {"created_at": "2016-07-18T19:55:59.152Z", "updated_at": "2016-07-19T22:37:58.584Z", "creator": 1, "city": "Long Beach", "state": "CA", "personal_investment": false, "existing_business": null, "small_business": true, "title": "CDC/504", "agency": 16, "benefit_types": [1], "industries": [], "purposes": [3]}}, {"model": "wealthmap.opportunity", "pk": 28, "fields": {"created_at": "2016-07-18T19:55:59.152Z", "updated_at": "2016-07-19T22:35:25.070Z", "creator": 1, "city": "Long Beach", "state": "CA", "personal_investment": false, "existing_business": null, "small_business": false, "title": "Mentoring", "agency": 17, "benefit_types": [2], "industries": [], "purposes": []}}, {"model": "wealthmap.opportunity", "pk": 29, "fields": {"created_at": "2016-07-18T19:55:59.152Z", "updated_at": "2016-07-19T22:33:37.865Z", "creator": 1, "city": "Long Beach", "state": "CA", "personal_investment": false, "existing_business": null, "small_business": true, "title": "Business Assistance", "agency": 18, "benefit_types": [2], "industries": [], "purposes": []}}, {"model": "wealthmap.opportunity", "pk": 30, "fields": {"created_at": "2016-07-18T19:55:59.152Z", "updated_at": "2016-07-19T22:32:43.237Z", "creator": 1, "city": "Long Beach", "state": "CA", "personal_investment": false, "existing_business": null, "small_business": true, "title": "Replacing Underground Storage Tank (RUST) Loan Program", "agency": 19, "benefit_types": [1], "industries": [4], "purposes": []}}, {"model": "wealthmap.opportunity", "pk": 31, "fields": {"created_at": "2016-07-18T19:55:59.152Z", "updated_at": "2016-07-19T22:29:48.647Z", "creator": 1, "city": "Long Beach", "state": "CA", "personal_investment": false, "existing_business": "existing", "small_business": true, "title": "Surety Bond", "agency": 19, "benefit_types": [1], "industries": [4], "purposes": []}}, {"model": "wealthmap.opportunity", "pk": 32, "fields": {"created_at": "2016-07-18T19:55:59.152Z", "updated_at": "2016-07-19T22:27:52.703Z", "creator": 1, "city": "Long Beach", "state": "CA", "personal_investment": false, "existing_business": null, "small_business": true, "title": "New Employment Credit (NEC)", "agency": 20, "benefit_types": [1], "industries": [], "purposes": [1]}}, {"model": "wealthmap.opportunity", "pk": 33, "fields": {"created_at": "2016-07-18T19:55:59.152Z", "updated_at": "2016-07-19T21:13:56.752Z", "creator": 1, "city": "Long Beach", "state": "CA", "personal_investment": true, "existing_business": "existing", "small_business": false, "title": "Value Added Producer Grants", "agency": 1, "benefit_types": [1], "industries": [2], "purposes": []}}, {"model": "wealthmap.opportunity", "pk": 34, "fields": {"created_at": "2016-07-18T19:55:59.152Z", "updated_at": "2016-07-19T21:11:18.890Z", "creator": 1, "city": "Long Beach", "state": "CA", "personal_investment": false, "existing_business": "existing", "small_business": false, "title": "Emergency Farm Loans", "agency": 1, "benefit_types": [1], "industries": [2], "purposes": [5]}}, {"model": "wealthmap.opportunity", "pk": 35, "fields": {"created_at": "2016-07-18T19:55:59.152Z", "updated_at": "2016-07-19T21:09:27.445Z", "creator": 1, "city": "Long Beach", "state": "CA", "personal_investment": false, "existing_business": "existing", "small_business": true, "title": "State Trade Expansion Program (STEP)", "agency": 16, "benefit_types": [2], "industries": [], "purposes": []}}, {"model": "wealthmap.opportunity", "pk": 36, "fields": {"created_at": "2016-07-20T00:47:16.546Z", "updated_at": "2016-07-20T00:47:16.546Z", "creator": 1, "city": "Long Beach", "state": "CA", "personal_investment": false, "existing_business": "new", "small_business": false, "title": "Business Start-up Grant", "agency": 6, "benefit_types": [1], "industries": [], "purposes": []}}, {"model": "wealthmap.opportunity", "pk": 37, "fields": {"created_at": "2016-08-05T22:26:09.087Z", "updated_at": "2016-08-05T22:26:09.087Z", "creator": 1, "city": "Long Beach", "state": "CA", "personal_investment": true, "existing_business": null, "small_business": false, "title": "Economic Development Loan Programs", "agency": 21, "benefit_types": [1], "industries": [], "purposes": [5, 3, 1, 2, 4]}}, {"model": "wealthmap.opportunity", "pk": 38, "fields": {"created_at": "2016-08-05T22:30:15.385Z", "updated_at": "2016-08-05T22:30:15.385Z", "creator": 1, "city": "Long Beach", "state": "CA", "personal_investment": false, "existing_business": null, "small_business": false, "title": "Microloans for small businesses", "agency": 22, "benefit_types": [1], "industries": [], "purposes": []}}, {"model": "wealthmap.opportunity", "pk": 42, "fields": {"created_at": "2016-10-03T16:26:56.201Z", "updated_at": "2016-10-03T16:26:56.201Z", "creator": 1, "city": "Long Beach", "state": "CA", "personal_investment": false, "existing_business": "existing", "small_business": false, "title": "Grow America Fund", "agency": 24, "benefit_types": [1], "industries": [], "purposes": []}}, {"model": "wealthmap.opportunitysearch", "pk": 1, "fields": {"created_at": "2016-07-20T18:42:20.156Z", "updated_at": "2016-07-20T18:42:20.156Z", "city": "Long Beach", "state": "CA", "personal_investment": true, "existing_business": null, "small_business": true, "view_count": 1, "benefit_types": [1, 2], "industries": [4], "purposes": []}}, {"model": "wealthmap.opportunitysearch", "pk": 2, "fields": {"created_at": "2016-07-20T20:47:43.581Z", "updated_at": "2016-07-20T20:47:43.581Z", "city": "Long Beach", "state": "CA", "personal_investment": true, "existing_business": null, "small_business": true, "view_count": 1, "benefit_types": [1, 2], "industries": [], "purposes": []}}, {"model": "wealthmap.opportunitysearch", "pk": 3, "fields": {"created_at": "2016-07-20T20:52:32.664Z", "updated_at": "2016-07-20T20:52:32.664Z", "city": "Long Beach", "state": "CA", "personal_investment": true, "existing_business": null, "small_business": true, "view_count": 1, "benefit_types": [1, 2], "industries": [1, 2, 3, 4], "purposes": [5, 3, 1, 2, 4, 6]}}, {"model": "wealthmap.opportunitysearch", "pk": 4, "fields": {"created_at": "2016-07-20T22:02:19.503Z", "updated_at": "2016-07-20T22:02:19.503Z", "city": "Long Beach", "state": "CA", "personal_investment": true, "existing_business": null, "small_business": true, "view_count": 1, "benefit_types": [1, 2], "industries": [4], "purposes": [3, 1, 2]}}, {"model": "wealthmap.opportunitysearch", "pk": 5, "fields": {"created_at": "2016-07-21T00:36:16.391Z", "updated_at": "2016-07-21T00:36:16.391Z", "city": "Long Beach", "state": "CA", "personal_investment": true, "existing_business": null, "small_business": true, "view_count": 1, "benefit_types": [1, 2], "industries": [1, 2, 3, 4], "purposes": [1, 2, 4]}}, {"model": "wealthmap.opportunitysearch", "pk": 6, "fields": {"created_at": "2016-07-21T16:15:59.458Z", "updated_at": "2016-07-21T16:15:59.458Z", "city": "Long Beach", "state": "CA", "personal_investment": true, "existing_business": null, "small_business": true, "view_count": 1, "benefit_types": [1, 2], "industries": [1], "purposes": [1]}}, {"model": "wealthmap.opportunitysearch", "pk": 7, "fields": {"created_at": "2016-07-21T16:32:22.145Z", "updated_at": "2016-07-21T16:32:22.145Z", "city": "Long Beach", "state": "CA", "personal_investment": true, "existing_business": null, "small_business": true, "view_count": 1, "benefit_types": [1, 2], "industries": [1, 3], "purposes": [5, 3, 1, 2, 4, 6]}}, {"model": "wealthmap.opportunitysearch", "pk": 8, "fields": {"created_at": "2016-07-21T16:36:17.196Z", "updated_at": "2016-07-21T16:36:17.196Z", "city": "Long Beach", "state": "CA", "personal_investment": true, "existing_business": null, "small_business": true, "view_count": 1, "benefit_types": [2], "industries": [], "purposes": []}}, {"model": "wealthmap.opportunitysearch", "pk": 9, "fields": {"created_at": "2016-07-21T16:37:33.829Z", "updated_at": "2016-07-21T16:37:33.829Z", "city": "Long Beach", "state": "CA", "personal_investment": true, "existing_business": null, "small_business": true, "view_count": 1, "benefit_types": [1], "industries": [], "purposes": []}}, {"model": "wealthmap.opportunitysearch", "pk": 10, "fields": {"created_at": "2016-07-21T16:39:23.587Z", "updated_at": "2016-07-21T16:39:23.587Z", "city": "Long Beach", "state": "CA", "personal_investment": true, "existing_business": null, "small_business": true, "view_count": 1, "benefit_types": [1, 2], "industries": [], "purposes": []}}, {"model": "wealthmap.opportunitysearch", "pk": 11, "fields": {"created_at": "2016-07-21T16:43:26.068Z", "updated_at": "2016-07-21T16:43:26.068Z", "city": "Long Beach", "state": "CA", "personal_investment": true, "existing_business": null, "small_business": true, "view_count": 1, "benefit_types": [1, 2], "industries": [], "purposes": []}}, {"model": "wealthmap.opportunitysearch", "pk": 12, "fields": {"created_at": "2016-07-21T16:55:15.961Z", "updated_at": "2016-07-21T16:55:15.961Z", "city": "Long Beach", "state": "CA", "personal_investment": true, "existing_business": null, "small_business": true, "view_count": 1, "benefit_types": [1, 2], "industries": [1], "purposes": [1]}}, {"model": "wealthmap.opportunitysearch", "pk": 13, "fields": {"created_at": "2016-07-21T16:57:05.661Z", "updated_at": "2016-07-21T16:57:05.661Z", "city": "Long Beach", "state": "CA", "personal_investment": true, "existing_business": null, "small_business": true, "view_count": 1, "benefit_types": [2], "industries": [1, 2, 3, 4], "purposes": [5, 3, 1, 2, 4, 6]}}, {"model": "wealthmap.opportunitysearch", "pk": 14, "fields": {"created_at": "2016-07-21T16:57:25.822Z", "updated_at": "2016-07-21T16:57:25.822Z", "city": "Long Beach", "state": "CA", "personal_investment": true, "existing_business": null, "small_business": true, "view_count": 1, "benefit_types": [1, 2], "industries": [1], "purposes": [6]}}, {"model": "wealthmap.opportunitysearch", "pk": 15, "fields": {"created_at": "2016-07-23T06:20:09.669Z", "updated_at": "2016-07-23T06:20:09.669Z", "city": "Long Beach", "state": "CA", "personal_investment": true, "existing_business": null, "small_business": true, "view_count": 1, "benefit_types": [1, 2], "industries": [4], "purposes": []}}, {"model": "wealthmap.opportunitysearch", "pk": 16, "fields": {"created_at": "2016-07-23T06:21:30.597Z", "updated_at": "2016-07-23T06:21:30.597Z", "city": "Long Beach", "state": "CA", "personal_investment": true, "existing_business": null, "small_business": true, "view_count": 1, "benefit_types": [1, 2], "industries": [4], "purposes": []}}, {"model": "wealthmap.opportunitysearch", "pk": 17, "fields": {"created_at": "2016-07-23T06:22:51.640Z", "updated_at": "2016-07-23T06:22:51.640Z", "city": "Long Beach", "state": "CA", "personal_investment": true, "existing_business": null, "small_business": true, "view_count": 1, "benefit_types": [1, 2], "industries": [4], "purposes": []}}, {"model": "wealthmap.opportunitysearch", "pk": 18, "fields": {"created_at": "2016-07-25T15:32:40.393Z", "updated_at": "2016-07-25T15:32:40.393Z", "city": "Long Beach", "state": "CA", "personal_investment": true, "existing_business": null, "small_business": true, "view_count": 1, "benefit_types": [1], "industries": [1, 4], "purposes": [3, 6]}}, {"model": "wealthmap.opportunitysearch", "pk": 19, "fields": {"created_at": "2016-07-26T22:21:46.564Z", "updated_at": "2016-07-26T22:21:46.564Z", "city": "Long Beach", "state": "CA", "personal_investment": true, "existing_business": null, "small_business": true, "view_count": 1, "benefit_types": [1, 2], "industries": [4], "purposes": [1, 4]}}, {"model": "wealthmap.opportunitysearch", "pk": 20, "fields": {"created_at": "2016-07-26T22:21:48.637Z", "updated_at": "2016-07-26T22:21:48.637Z", "city": "Long Beach", "state": "CA", "personal_investment": true, "existing_business": null, "small_business": true, "view_count": 1, "benefit_types": [1, 2], "industries": [4], "purposes": [1]}}, {"model": "wealthmap.opportunitysearch", "pk": 21, "fields": {"created_at": "2016-07-26T22:22:08.714Z", "updated_at": "2016-07-26T22:22:08.714Z", "city": "Long Beach", "state": "CA", "personal_investment": true, "existing_business": null, "small_business": true, "view_count": 1, "benefit_types": [1, 2], "industries": [4], "purposes": [1]}}, {"model": "wealthmap.opportunitysearch", "pk": 22, "fields": {"created_at": "2016-07-26T22:22:45.790Z", "updated_at": "2016-07-26T22:22:45.790Z", "city": "Long Beach", "state": "CA", "personal_investment": true, "existing_business": null, "small_business": true, "view_count": 1, "benefit_types": [1, 2], "industries": [1], "purposes": [5]}}, {"model": "wealthmap.opportunitysearch", "pk": 23, "fields": {"created_at": "2016-07-27T18:19:56.434Z", "updated_at": "2016-07-27T18:19:56.434Z", "city": "Long Beach", "state": "CA", "personal_investment": true, "existing_business": null, "small_business": true, "view_count": 1, "benefit_types": [2], "industries": [4], "purposes": [5, 3, 1, 2, 4, 6]}}, {"model": "wealthmap.opportunitysearch", "pk": 24, "fields": {"created_at": "2016-07-27T20:24:16.804Z", "updated_at": "2016-07-27T20:24:16.804Z", "city": "Long Beach", "state": "CA", "personal_investment": true, "existing_business": null, "small_business": true, "view_count": 1, "benefit_types": [1, 2], "industries": [4], "purposes": [3, 1, 4]}}, {"model": "wealthmap.opportunitysearch", "pk": 25, "fields": {"created_at": "2016-07-27T21:07:56.233Z", "updated_at": "2016-07-27T21:07:56.233Z", "city": "Long Beach", "state": "CA", "personal_investment": true, "existing_business": null, "small_business": true, "view_count": 1, "benefit_types": [1], "industries": [4], "purposes": [3, 1, 6]}}, {"model": "wealthmap.opportunitysearch", "pk": 26, "fields": {"created_at": "2016-07-27T21:33:06.199Z", "updated_at": "2016-07-27T21:33:06.199Z", "city": "Long Beach", "state": "CA", "personal_investment": true, "existing_business": null, "small_business": true, "view_count": 1, "benefit_types": [1, 2], "industries": [2, 3], "purposes": [5, 6]}}, {"model": "wealthmap.opportunitysearch", "pk": 27, "fields": {"created_at": "2016-07-27T22:50:56.479Z", "updated_at": "2016-07-27T22:50:56.479Z", "city": "Long Beach", "state": "CA", "personal_investment": true, "existing_business": null, "small_business": true, "view_count": 1, "benefit_types": [1, 2], "industries": [4], "purposes": []}}, {"model": "wealthmap.opportunitysearch", "pk": 28, "fields": {"created_at": "2016-07-28T15:53:24.249Z", "updated_at": "2016-07-28T15:53:24.249Z", "city": "Long Beach", "state": "CA", "personal_investment": true, "existing_business": null, "small_business": true, "view_count": 1, "benefit_types": [1, 2], "industries": [1, 2, 3, 4], "purposes": [5, 3, 1, 2, 4, 6]}}, {"model": "wealthmap.opportunitysearch", "pk": 29, "fields": {"created_at": "2016-07-28T15:57:52.814Z", "updated_at": "2016-07-28T15:57:52.814Z", "city": "Long Beach", "state": "CA", "personal_investment": true, "existing_business": null, "small_business": true, "view_count": 1, "benefit_types": [], "industries": [3], "purposes": [5, 1]}}, {"model": "wealthmap.opportunitysearch", "pk": 30, "fields": {"created_at": "2016-07-28T16:00:10.980Z", "updated_at": "2016-07-28T16:00:10.980Z", "city": "Long Beach", "state": "CA", "personal_investment": true, "existing_business": null, "small_business": true, "view_count": 1, "benefit_types": [1, 2], "industries": [1, 2, 3, 4], "purposes": [5, 3, 1, 2, 4, 6]}}, {"model": "wealthmap.opportunitysearch", "pk": 31, "fields": {"created_at": "2016-07-28T16:00:31.887Z", "updated_at": "2016-07-28T16:00:31.887Z", "city": "Long Beach", "state": "CA", "personal_investment": true, "existing_business": null, "small_business": true, "view_count": 1, "benefit_types": [], "industries": [], "purposes": []}}, {"model": "wealthmap.opportunitysearch", "pk": 32, "fields": {"created_at": "2016-07-28T16:03:02.443Z", "updated_at": "2016-07-28T16:03:02.443Z", "city": "Long Beach", "state": "CA", "personal_investment": true, "existing_business": null, "small_business": true, "view_count": 1, "benefit_types": [1, 2], "industries": [1, 2, 3, 4], "purposes": [5, 3, 1, 2, 4, 6]}}, {"model": "wealthmap.opportunitysearch", "pk": 33, "fields": {"created_at": "2016-07-28T22:34:49.501Z", "updated_at": "2016-07-28T22:34:49.501Z", "city": "Long Beach", "state": "CA", "personal_investment": true, "existing_business": null, "small_business": true, "view_count": 1, "benefit_types": [1, 2], "industries": [4], "purposes": [3]}}, {"model": "wealthmap.opportunitysearch", "pk": 34, "fields": {"created_at": "2016-07-28T23:43:56.555Z", "updated_at": "2016-07-28T23:43:56.555Z", "city": "Long Beach", "state": "CA", "personal_investment": true, "existing_business": null, "small_business": true, "view_count": 1, "benefit_types": [1], "industries": [3], "purposes": [4]}}, {"model": "wealthmap.opportunitysearch", "pk": 35, "fields": {"created_at": "2016-07-28T23:46:38.293Z", "updated_at": "2016-07-28T23:46:38.293Z", "city": "Long Beach", "state": "CA", "personal_investment": true, "existing_business": null, "small_business": true, "view_count": 1, "benefit_types": [1, 2], "industries": [], "purposes": []}}, {"model": "wealthmap.opportunitysearch", "pk": 36, "fields": {"created_at": "2016-07-30T05:22:04.370Z", "updated_at": "2016-07-30T05:22:04.370Z", "city": "Long Beach", "state": "CA", "personal_investment": true, "existing_business": null, "small_business": true, "view_count": 1, "benefit_types": [2], "industries": [], "purposes": [1]}}, {"model": "wealthmap.opportunitysearch", "pk": 37, "fields": {"created_at": "2016-07-30T05:22:14.407Z", "updated_at": "2016-07-30T05:22:14.407Z", "city": "Long Beach", "state": "CA", "personal_investment": true, "existing_business": null, "small_business": true, "view_count": 1, "benefit_types": [2], "industries": [4], "purposes": [1]}}, {"model": "wealthmap.opportunitysearch", "pk": 38, "fields": {"created_at": "2016-08-01T23:15:05.710Z", "updated_at": "2016-08-01T23:15:05.710Z", "city": "Long Beach", "state": "CA", "personal_investment": true, "existing_business": null, "small_business": true, "view_count": 1, "benefit_types": [1, 2], "industries": [3, 4], "purposes": []}}, {"model": "wealthmap.opportunitysearch", "pk": 39, "fields": {"created_at": "2016-08-02T00:37:37.715Z", "updated_at": "2016-08-02T00:37:37.715Z", "city": "Long Beach", "state": "CA", "personal_investment": true, "existing_business": null, "small_business": true, "view_count": 1, "benefit_types": [1, 2], "industries": [4], "purposes": [6]}}, {"model": "wealthmap.opportunitysearch", "pk": 40, "fields": {"created_at": "2016-08-02T18:04:30.353Z", "updated_at": "2016-08-02T18:04:30.353Z", "city": "Long Beach", "state": "CA", "personal_investment": true, "existing_business": null, "small_business": true, "view_count": 1, "benefit_types": [1, 2], "industries": [], "purposes": []}}, {"model": "wealthmap.opportunitysearch", "pk": 41, "fields": {"created_at": "2016-08-02T19:46:39.059Z", "updated_at": "2016-08-02T19:46:39.059Z", "city": "Long Beach", "state": "CA", "personal_investment": true, "existing_business": null, "small_business": true, "view_count": 1, "benefit_types": [1, 2], "industries": [4], "purposes": [3]}}, {"model": "wealthmap.opportunitysearch", "pk": 42, "fields": {"created_at": "2016-08-02T19:49:56.889Z", "updated_at": "2016-08-02T19:49:56.889Z", "city": "Long Beach", "state": "CA", "personal_investment": true, "existing_business": null, "small_business": true, "view_count": 1, "benefit_types": [1, 2], "industries": [], "purposes": []}}, {"model": "wealthmap.opportunitysearch", "pk": 43, "fields": {"created_at": "2016-08-02T20:53:04.588Z", "updated_at": "2016-08-02T20:53:04.588Z", "city": "Long Beach", "state": "CA", "personal_investment": true, "existing_business": null, "small_business": true, "view_count": 1, "benefit_types": [2], "industries": [], "purposes": []}}, {"model": "wealthmap.opportunitysearch", "pk": 44, "fields": {"created_at": "2016-08-02T21:12:13.945Z", "updated_at": "2016-08-02T21:12:13.945Z", "city": "Long Beach", "state": "CA", "personal_investment": true, "existing_business": null, "small_business": true, "view_count": 1, "benefit_types": [1, 2], "industries": [3], "purposes": []}}, {"model": "wealthmap.opportunitysearch", "pk": 45, "fields": {"created_at": "2016-08-02T22:01:40.213Z", "updated_at": "2016-08-02T22:01:40.213Z", "city": "Long Beach", "state": "CA", "personal_investment": true, "existing_business": null, "small_business": true, "view_count": 1, "benefit_types": [1, 2], "industries": [4], "purposes": [3, 4]}}, {"model": "wealthmap.opportunitysearch", "pk": 46, "fields": {"created_at": "2016-08-02T22:06:42.893Z", "updated_at": "2016-08-02T22:06:42.893Z", "city": "Long Beach", "state": "CA", "personal_investment": true, "existing_business": null, "small_business": true, "view_count": 1, "benefit_types": [1, 2], "industries": [], "purposes": []}}, {"model": "wealthmap.opportunitysearch", "pk": 47, "fields": {"created_at": "2016-08-03T04:36:36.131Z", "updated_at": "2016-08-03T04:36:36.131Z", "city": "Long Beach", "state": "CA", "personal_investment": true, "existing_business": null, "small_business": true, "view_count": 1, "benefit_types": [1, 2], "industries": [2, 4], "purposes": [3, 2, 4]}}, {"model": "wealthmap.opportunitysearch", "pk": 48, "fields": {"created_at": "2016-08-03T19:02:28.292Z", "updated_at": "2016-08-03T19:02:28.292Z", "city": "Long Beach", "state": "CA", "personal_investment": true, "existing_business": null, "small_business": true, "view_count": 1, "benefit_types": [1], "industries": [1], "purposes": [3]}}, {"model": "wealthmap.opportunitysearch", "pk": 49, "fields": {"created_at": "2016-08-03T19:16:05.813Z", "updated_at": "2016-08-03T19:16:05.813Z", "city": "Long Beach", "state": "CA", "personal_investment": true, "existing_business": null, "small_business": true, "view_count": 1, "benefit_types": [1, 2], "industries": [1, 4], "purposes": [3, 6]}}, {"model": "wealthmap.opportunitysearch", "pk": 50, "fields": {"created_at": "2016-08-03T19:50:49.749Z", "updated_at": "2016-08-03T19:50:49.749Z", "city": "Long Beach", "state": "CA", "personal_investment": true, "existing_business": null, "small_business": true, "view_count": 1, "benefit_types": [1], "industries": [4], "purposes": [6]}}, {"model": "wealthmap.opportunitysearch", "pk": 51, "fields": {"created_at": "2016-08-03T19:51:53.712Z", "updated_at": "2016-08-03T19:51:53.712Z", "city": "Long Beach", "state": "CA", "personal_investment": true, "existing_business": null, "small_business": true, "view_count": 1, "benefit_types": [1, 2], "industries": [1], "purposes": [3]}}, {"model": "wealthmap.opportunitysearch", "pk": 52, "fields": {"created_at": "2016-08-04T20:22:24.909Z", "updated_at": "2016-08-04T20:22:24.909Z", "city": "Long Beach", "state": "CA", "personal_investment": true, "existing_business": null, "small_business": true, "view_count": 1, "benefit_types": [1, 2], "industries": [], "purposes": []}}, {"model": "wealthmap.opportunitysearch", "pk": 53, "fields": {"created_at": "2016-08-05T22:05:34.549Z", "updated_at": "2016-08-05T22:05:34.549Z", "city": "Long Beach", "state": "CA", "personal_investment": true, "existing_business": null, "small_business": true, "view_count": 1, "benefit_types": [1, 2], "industries": [4], "purposes": [1, 4]}}, {"model": "wealthmap.opportunitysearch", "pk": 54, "fields": {"created_at": "2016-08-05T22:08:00.182Z", "updated_at": "2016-08-05T22:08:00.182Z", "city": "Long Beach", "state": "CA", "personal_investment": true, "existing_business": null, "small_business": true, "view_count": 1, "benefit_types": [1, 2], "industries": [1], "purposes": [2]}}, {"model": "wealthmap.opportunitysearch", "pk": 55, "fields": {"created_at": "2016-08-05T22:14:47.598Z", "updated_at": "2016-08-05T22:14:47.598Z", "city": "Long Beach", "state": "CA", "personal_investment": true, "existing_business": null, "small_business": true, "view_count": 1, "benefit_types": [1, 2], "industries": [], "purposes": []}}, {"model": "wealthmap.opportunitysearch", "pk": 56, "fields": {"created_at": "2016-08-05T22:18:17.341Z", "updated_at": "2016-08-05T22:18:17.341Z", "city": "Long Beach", "state": "CA", "personal_investment": true, "existing_business": null, "small_business": true, "view_count": 1, "benefit_types": [1], "industries": [], "purposes": []}}, {"model": "wealthmap.opportunitysearch", "pk": 57, "fields": {"created_at": "2016-08-08T14:45:05.466Z", "updated_at": "2016-08-08T14:45:05.466Z", "city": "Long Beach", "state": "CA", "personal_investment": true, "existing_business": null, "small_business": true, "view_count": 1, "benefit_types": [1], "industries": [1], "purposes": [3]}}, {"model": "wealthmap.opportunitysearch", "pk": 58, "fields": {"created_at": "2016-08-08T16:42:05.606Z", "updated_at": "2016-08-08T16:42:05.606Z", "city": "Long Beach", "state": "CA", "personal_investment": true, "existing_business": null, "small_business": true, "view_count": 1, "benefit_types": [1, 2], "industries": [4], "purposes": [5, 3, 1, 6]}}, {"model": "wealthmap.opportunitysearch", "pk": 59, "fields": {"created_at": "2016-08-09T03:15:37.918Z", "updated_at": "2016-08-09T03:15:37.918Z", "city": "Long Beach", "state": "CA", "personal_investment": true, "existing_business": null, "small_business": true, "view_count": 1, "benefit_types": [1, 2], "industries": [1, 3, 4], "purposes": [3]}}, {"model": "wealthmap.opportunitysearch", "pk": 60, "fields": {"created_at": "2016-08-09T21:27:22.044Z", "updated_at": "2016-08-09T21:27:22.044Z", "city": "Long Beach", "state": "CA", "personal_investment": true, "existing_business": null, "small_business": true, "view_count": 1, "benefit_types": [1], "industries": [4], "purposes": [1, 4]}}, {"model": "wealthmap.opportunitysearch", "pk": 61, "fields": {"created_at": "2016-08-09T21:37:29.881Z", "updated_at": "2016-08-09T21:37:29.881Z", "city": "Long Beach", "state": "CA", "personal_investment": true, "existing_business": null, "small_business": true, "view_count": 1, "benefit_types": [1, 2], "industries": [4], "purposes": [1, 4]}}, {"model": "wealthmap.opportunitysearch", "pk": 62, "fields": {"created_at": "2016-08-10T21:13:47.726Z", "updated_at": "2016-08-10T21:13:47.726Z", "city": "Long Beach", "state": "CA", "personal_investment": true, "existing_business": null, "small_business": true, "view_count": 1, "benefit_types": [1, 2], "industries": [4], "purposes": [1, 4]}}, {"model": "wealthmap.opportunitysearch", "pk": 63, "fields": {"created_at": "2016-08-10T21:14:45.235Z", "updated_at": "2016-08-10T21:14:45.235Z", "city": "Long Beach", "state": "CA", "personal_investment": true, "existing_business": null, "small_business": true, "view_count": 1, "benefit_types": [1, 2], "industries": [], "purposes": []}}, {"model": "wealthmap.opportunitysearch", "pk": 64, "fields": {"created_at": "2016-08-11T16:10:01.926Z", "updated_at": "2016-08-11T16:10:01.926Z", "city": "Long Beach", "state": "CA", "personal_investment": true, "existing_business": null, "small_business": true, "view_count": 1, "benefit_types": [2], "industries": [], "purposes": []}}, {"model": "wealthmap.opportunitysearch", "pk": 65, "fields": {"created_at": "2016-08-11T22:39:30.578Z", "updated_at": "2016-08-11T22:39:30.578Z", "city": "Long Beach", "state": "CA", "personal_investment": true, "existing_business": null, "small_business": true, "view_count": 1, "benefit_types": [1, 2], "industries": [], "purposes": []}}, {"model": "wealthmap.opportunitysearch", "pk": 66, "fields": {"created_at": "2016-08-11T22:39:36.694Z", "updated_at": "2016-08-11T22:39:36.694Z", "city": "Long Beach", "state": "CA", "personal_investment": true, "existing_business": null, "small_business": true, "view_count": 1, "benefit_types": [1, 2], "industries": [], "purposes": []}}, {"model": "wealthmap.opportunitysearch", "pk": 67, "fields": {"created_at": "2016-08-11T23:00:51.674Z", "updated_at": "2016-08-11T23:00:51.674Z", "city": "Long Beach", "state": "CA", "personal_investment": true, "existing_business": null, "small_business": true, "view_count": 1, "benefit_types": [1, 2], "industries": [], "purposes": []}}, {"model": "wealthmap.opportunitysearch", "pk": 68, "fields": {"created_at": "2016-08-15T23:23:30.273Z", "updated_at": "2016-08-15T23:23:30.273Z", "city": "Long Beach", "state": "CA", "personal_investment": true, "existing_business": null, "small_business": true, "view_count": 1, "benefit_types": [1], "industries": [1], "purposes": [1]}}, {"model": "wealthmap.opportunitysearch", "pk": 69, "fields": {"created_at": "2016-08-18T17:51:13.827Z", "updated_at": "2016-08-18T17:51:13.827Z", "city": "Long Beach", "state": "CA", "personal_investment": true, "existing_business": null, "small_business": true, "view_count": 1, "benefit_types": [1, 2], "industries": [4], "purposes": [1, 4]}}, {"model": "wealthmap.opportunitysearch", "pk": 70, "fields": {"created_at": "2016-08-19T22:08:02.215Z", "updated_at": "2016-08-19T22:08:02.215Z", "city": "Long Beach", "state": "CA", "personal_investment": true, "existing_business": null, "small_business": true, "view_count": 1, "benefit_types": [1, 2], "industries": [1, 2, 3, 4], "purposes": [1, 2]}}, {"model": "wealthmap.opportunitysearch", "pk": 71, "fields": {"created_at": "2016-08-19T22:18:17.261Z", "updated_at": "2016-08-19T22:18:17.261Z", "city": "Long Beach", "state": "CA", "personal_investment": true, "existing_business": null, "small_business": true, "view_count": 1, "benefit_types": [1, 2], "industries": [1, 2, 3, 4], "purposes": [5, 3, 1, 2, 4, 6]}}, {"model": "wealthmap.opportunitysearch", "pk": 72, "fields": {"created_at": "2016-08-19T22:22:32.830Z", "updated_at": "2016-08-19T22:22:32.830Z", "city": "Long Beach", "state": "CA", "personal_investment": true, "existing_business": null, "small_business": true, "view_count": 1, "benefit_types": [1, 2], "industries": [1, 2, 3, 4], "purposes": [5, 3, 1, 2, 4, 6]}}, {"model": "wealthmap.opportunitysearch", "pk": 73, "fields": {"created_at": "2016-08-19T22:26:13.721Z", "updated_at": "2016-08-19T22:26:13.721Z", "city": "Long Beach", "state": "CA", "personal_investment": true, "existing_business": null, "small_business": true, "view_count": 1, "benefit_types": [1, 2], "industries": [1, 2, 3, 4], "purposes": [5, 3, 1, 2, 4, 6]}}, {"model": "wealthmap.opportunitysearch", "pk": 74, "fields": {"created_at": "2016-08-19T22:26:50.325Z", "updated_at": "2016-08-19T22:26:50.325Z", "city": "Long Beach", "state": "CA", "personal_investment": true, "existing_business": null, "small_business": true, "view_count": 1, "benefit_types": [1, 2], "industries": [1, 2, 3, 4], "purposes": [5, 3, 1, 2, 4, 6]}}, {"model": "wealthmap.opportunitysearch", "pk": 75, "fields": {"created_at": "2016-08-23T18:38:11.755Z", "updated_at": "2016-08-23T18:38:11.755Z", "city": "Long Beach", "state": "CA", "personal_investment": true, "existing_business": null, "small_business": true, "view_count": 1, "benefit_types": [1, 2], "industries": [], "purposes": []}}, {"model": "wealthmap.opportunitysearch", "pk": 76, "fields": {"created_at": "2016-08-24T17:08:18.371Z", "updated_at": "2016-08-24T17:08:18.371Z", "city": "Long Beach", "state": "CA", "personal_investment": true, "existing_business": null, "small_business": true, "view_count": 1, "benefit_types": [1, 2], "industries": [], "purposes": []}}, {"model": "wealthmap.opportunitysearch", "pk": 77, "fields": {"created_at": "2016-08-25T16:31:52.166Z", "updated_at": "2016-08-25T16:31:52.166Z", "city": "Long Beach", "state": "CA", "personal_investment": true, "existing_business": null, "small_business": true, "view_count": 1, "benefit_types": [1, 2], "industries": [4], "purposes": [1, 4]}}, {"model": "wealthmap.opportunitysearch", "pk": 78, "fields": {"created_at": "2016-08-30T23:26:32.021Z", "updated_at": "2016-08-30T23:26:32.021Z", "city": "Long Beach", "state": "CA", "personal_investment": true, "existing_business": null, "small_business": true, "view_count": 1, "benefit_types": [1, 2], "industries": [4], "purposes": [1, 2, 4]}}, {"model": "wealthmap.opportunitysearch", "pk": 79, "fields": {"created_at": "2016-08-30T23:32:09.808Z", "updated_at": "2016-08-30T23:32:09.808Z", "city": "Long Beach", "state": "CA", "personal_investment": true, "existing_business": null, "small_business": true, "view_count": 1, "benefit_types": [1, 2], "industries": [1, 2, 3, 4], "purposes": [5, 3, 1, 2, 4, 6]}}, {"model": "wealthmap.opportunitysearch", "pk": 80, "fields": {"created_at": "2016-08-31T05:58:08.577Z", "updated_at": "2016-08-31T05:58:08.577Z", "city": "Long Beach", "state": "CA", "personal_investment": true, "existing_business": null, "small_business": true, "view_count": 1, "benefit_types": [1, 2], "industries": [4], "purposes": [6]}}, {"model": "wealthmap.opportunitysearch", "pk": 81, "fields": {"created_at": "2016-08-31T06:35:11.036Z", "updated_at": "2016-08-31T06:35:11.036Z", "city": "Long Beach", "state": "CA", "personal_investment": true, "existing_business": null, "small_business": true, "view_count": 1, "benefit_types": [1, 2], "industries": [3], "purposes": [5]}}, {"model": "wealthmap.opportunitysearch", "pk": 82, "fields": {"created_at": "2016-08-31T21:55:55.338Z", "updated_at": "2016-08-31T21:55:55.338Z", "city": "Long Beach", "state": "CA", "personal_investment": true, "existing_business": null, "small_business": true, "view_count": 1, "benefit_types": [1, 2], "industries": [], "purposes": []}}, {"model": "wealthmap.opportunitysearch", "pk": 83, "fields": {"created_at": "2016-09-01T02:28:57.701Z", "updated_at": "2016-09-01T02:28:57.701Z", "city": "Long Beach", "state": "CA", "personal_investment": true, "existing_business": null, "small_business": true, "view_count": 1, "benefit_types": [2], "industries": [4], "purposes": []}}, {"model": "wealthmap.opportunitysearch", "pk": 84, "fields": {"created_at": "2016-09-01T02:30:04.027Z", "updated_at": "2016-09-01T02:30:04.027Z", "city": "Long Beach", "state": "CA", "personal_investment": true, "existing_business": null, "small_business": true, "view_count": 1, "benefit_types": [2], "industries": [1, 4], "purposes": [3, 1, 2, 4, 6]}}, {"model": "wealthmap.opportunitysearch", "pk": 85, "fields": {"created_at": "2016-09-01T02:30:14.707Z", "updated_at": "2016-09-01T02:30:14.707Z", "city": "Long Beach", "state": "CA", "personal_investment": true, "existing_business": null, "small_business": true, "view_count": 1, "benefit_types": [1], "industries": [1, 4], "purposes": [3, 1, 2, 4, 6]}}, {"model": "wealthmap.opportunitysearch", "pk": 86, "fields": {"created_at": "2016-09-01T22:55:46.699Z", "updated_at": "2016-09-01T22:55:46.699Z", "city": "Long Beach", "state": "CA", "personal_investment": true, "existing_business": null, "small_business": true, "view_count": 1, "benefit_types": [1, 2], "industries": [4], "purposes": [3]}}, {"model": "wealthmap.opportunitysearch", "pk": 87, "fields": {"created_at": "2016-09-01T23:00:15.403Z", "updated_at": "2016-09-01T23:00:15.403Z", "city": "Long Beach", "state": "CA", "personal_investment": true, "existing_business": null, "small_business": true, "view_count": 1, "benefit_types": [1], "industries": [1, 4], "purposes": [3, 1, 4]}}, {"model": "wealthmap.opportunitysearch", "pk": 88, "fields": {"created_at": "2016-09-02T06:13:37.737Z", "updated_at": "2016-09-02T06:13:37.737Z", "city": "Long Beach", "state": "CA", "personal_investment": true, "existing_business": null, "small_business": true, "view_count": 1, "benefit_types": [1], "industries": [4], "purposes": [1, 6]}}, {"model": "wealthmap.opportunitysearch", "pk": 89, "fields": {"created_at": "2016-09-02T17:26:30.398Z", "updated_at": "2016-09-02T17:26:30.398Z", "city": "Long Beach", "state": "CA", "personal_investment": true, "existing_business": null, "small_business": true, "view_count": 1, "benefit_types": [1, 2], "industries": [4], "purposes": [3, 1, 4, 6]}}, {"model": "wealthmap.opportunitysearch", "pk": 90, "fields": {"created_at": "2016-09-05T19:27:44.966Z", "updated_at": "2016-09-05T19:27:44.966Z", "city": "Long Beach", "state": "CA", "personal_investment": true, "existing_business": null, "small_business": true, "view_count": 1, "benefit_types": [1, 2], "industries": [4], "purposes": [3]}}, {"model": "wealthmap.opportunitysearch", "pk": 91, "fields": {"created_at": "2016-09-07T18:56:17.575Z", "updated_at": "2016-09-07T18:56:17.575Z", "city": "Long Beach", "state": "CA", "personal_investment": true, "existing_business": null, "small_business": true, "view_count": 1, "benefit_types": [2], "industries": [4], "purposes": [1, 2, 4]}}, {"model": "wealthmap.opportunitysearch", "pk": 92, "fields": {"created_at": "2016-09-07T18:56:37.791Z", "updated_at": "2016-09-07T18:56:37.791Z", "city": "Long Beach", "state": "CA", "personal_investment": true, "existing_business": null, "small_business": true, "view_count": 1, "benefit_types": [1], "industries": [4], "purposes": [2]}}, {"model": "wealthmap.opportunitysearch", "pk": 93, "fields": {"created_at": "2016-09-08T18:34:18.415Z", "updated_at": "2016-09-08T18:34:18.415Z", "city": "Long Beach", "state": "CA", "personal_investment": true, "existing_business": null, "small_business": true, "view_count": 1, "benefit_types": [1, 2], "industries": [4], "purposes": [1]}}, {"model": "wealthmap.opportunitysearch", "pk": 94, "fields": {"created_at": "2016-09-08T20:50:40.395Z", "updated_at": "2016-09-08T20:50:40.395Z", "city": "Long Beach", "state": "CA", "personal_investment": true, "existing_business": null, "small_business": true, "view_count": 1, "benefit_types": [1, 2], "industries": [], "purposes": [5, 4]}}, {"model": "wealthmap.opportunitysearch", "pk": 95, "fields": {"created_at": "2016-09-08T21:01:42.516Z", "updated_at": "2016-09-08T21:01:42.516Z", "city": "Long Beach", "state": "CA", "personal_investment": true, "existing_business": null, "small_business": true, "view_count": 1, "benefit_types": [1, 2], "industries": [4], "purposes": []}}, {"model": "wealthmap.opportunitysearch", "pk": 96, "fields": {"created_at": "2016-09-09T17:40:27.783Z", "updated_at": "2016-09-09T17:40:27.783Z", "city": "Long Beach", "state": "CA", "personal_investment": true, "existing_business": null, "small_business": true, "view_count": 1, "benefit_types": [1, 2], "industries": [1], "purposes": [3]}}, {"model": "wealthmap.opportunitysearch", "pk": 97, "fields": {"created_at": "2016-09-09T21:10:39.032Z", "updated_at": "2016-09-09T21:10:39.032Z", "city": "Long Beach", "state": "CA", "personal_investment": true, "existing_business": null, "small_business": true, "view_count": 1, "benefit_types": [1, 2], "industries": [4], "purposes": [6]}}, {"model": "wealthmap.opportunitysearch", "pk": 98, "fields": {"created_at": "2016-09-09T21:12:00.669Z", "updated_at": "2016-09-09T21:12:00.669Z", "city": "Long Beach", "state": "CA", "personal_investment": true, "existing_business": null, "small_business": true, "view_count": 1, "benefit_types": [1, 2], "industries": [], "purposes": []}}, {"model": "wealthmap.opportunitysearch", "pk": 99, "fields": {"created_at": "2016-09-10T04:08:57.692Z", "updated_at": "2016-09-10T04:08:57.692Z", "city": "Long Beach", "state": "CA", "personal_investment": true, "existing_business": null, "small_business": true, "view_count": 1, "benefit_types": [1, 2], "industries": [2], "purposes": [3]}}, {"model": "wealthmap.opportunitysearch", "pk": 100, "fields": {"created_at": "2016-09-12T00:18:26.274Z", "updated_at": "2016-09-12T00:18:26.274Z", "city": "Long Beach", "state": "CA", "personal_investment": true, "existing_business": null, "small_business": true, "view_count": 1, "benefit_types": [1, 2], "industries": [3], "purposes": [1]}}, {"model": "wealthmap.opportunitysearch", "pk": 101, "fields": {"created_at": "2016-09-12T15:22:40.238Z", "updated_at": "2016-09-12T15:22:40.238Z", "city": "Long Beach", "state": "CA", "personal_investment": true, "existing_business": null, "small_business": true, "view_count": 1, "benefit_types": [1], "industries": [4], "purposes": [3, 6]}}, {"model": "wealthmap.opportunitysearch", "pk": 102, "fields": {"created_at": "2016-09-12T22:25:54.279Z", "updated_at": "2016-09-12T22:25:54.279Z", "city": "Long Beach", "state": "CA", "personal_investment": true, "existing_business": null, "small_business": true, "view_count": 1, "benefit_types": [1, 2], "industries": [1, 2, 3, 4], "purposes": [5, 3, 1, 2, 4, 6]}}, {"model": "wealthmap.opportunitysearch", "pk": 103, "fields": {"created_at": "2016-09-12T22:47:27.977Z", "updated_at": "2016-09-12T22:47:27.977Z", "city": "Long Beach", "state": "CA", "personal_investment": true, "existing_business": null, "small_business": true, "view_count": 1, "benefit_types": [1, 2], "industries": [1, 2, 3, 4], "purposes": [5, 3, 1, 2, 4, 6]}}, {"model": "wealthmap.opportunitysearch", "pk": 104, "fields": {"created_at": "2016-09-13T05:18:59.312Z", "updated_at": "2016-09-13T05:18:59.312Z", "city": "Long Beach", "state": "CA", "personal_investment": true, "existing_business": null, "small_business": true, "view_count": 1, "benefit_types": [1, 2], "industries": [1, 2, 3, 4], "purposes": [5, 3, 1, 2, 4, 6]}}, {"model": "wealthmap.opportunitysearch", "pk": 105, "fields": {"created_at": "2016-09-13T15:46:37.773Z", "updated_at": "2016-09-13T15:46:37.773Z", "city": "Long Beach", "state": "CA", "personal_investment": true, "existing_business": null, "small_business": true, "view_count": 1, "benefit_types": [1, 2], "industries": [], "purposes": [1]}}, {"model": "wealthmap.opportunitysearch", "pk": 106, "fields": {"created_at": "2016-09-13T15:53:24.673Z", "updated_at": "2016-09-13T15:53:24.673Z", "city": "Long Beach", "state": "CA", "personal_investment": true, "existing_business": null, "small_business": true, "view_count": 1, "benefit_types": [1, 2], "industries": [], "purposes": []}}, {"model": "wealthmap.opportunitysearch", "pk": 107, "fields": {"created_at": "2016-09-13T16:00:00.660Z", "updated_at": "2016-09-13T16:00:00.660Z", "city": "Long Beach", "state": "CA", "personal_investment": true, "existing_business": null, "small_business": true, "view_count": 1, "benefit_types": [1, 2], "industries": [4], "purposes": [1]}}, {"model": "wealthmap.opportunitysearch", "pk": 108, "fields": {"created_at": "2016-09-13T20:54:32.589Z", "updated_at": "2016-09-13T20:54:32.589Z", "city": "Long Beach", "state": "CA", "personal_investment": true, "existing_business": null, "small_business": true, "view_count": 1, "benefit_types": [1, 2], "industries": [1, 2, 3, 4], "purposes": [5, 3, 1, 2, 4, 6]}}, {"model": "wealthmap.opportunitysearch", "pk": 109, "fields": {"created_at": "2016-09-13T21:07:26.601Z", "updated_at": "2016-09-13T21:07:26.601Z", "city": "Long Beach", "state": "CA", "personal_investment": true, "existing_business": null, "small_business": true, "view_count": 1, "benefit_types": [1], "industries": [], "purposes": [5, 3, 2, 4]}}, {"model": "wealthmap.opportunitysearch", "pk": 110, "fields": {"created_at": "2016-09-13T21:07:47.972Z", "updated_at": "2016-09-13T21:07:47.972Z", "city": "Long Beach", "state": "CA", "personal_investment": true, "existing_business": null, "small_business": true, "view_count": 1, "benefit_types": [1, 2], "industries": [1, 3, 4], "purposes": [5, 3, 2]}}, {"model": "wealthmap.opportunitysearch", "pk": 111, "fields": {"created_at": "2016-09-13T21:19:49.903Z", "updated_at": "2016-09-13T21:19:49.903Z", "city": "Long Beach", "state": "CA", "personal_investment": true, "existing_business": null, "small_business": true, "view_count": 1, "benefit_types": [1, 2], "industries": [1, 3, 4], "purposes": [5, 3, 2]}}, {"model": "wealthmap.opportunitysearch", "pk": 112, "fields": {"created_at": "2016-09-13T21:30:54.770Z", "updated_at": "2016-09-13T21:30:54.770Z", "city": "Long Beach", "state": "CA", "personal_investment": true, "existing_business": null, "small_business": true, "view_count": 1, "benefit_types": [1], "industries": [2], "purposes": [5]}}, {"model": "wealthmap.opportunitysearch", "pk": 113, "fields": {"created_at": "2016-09-13T21:35:18.399Z", "updated_at": "2016-09-13T21:35:18.399Z", "city": "Long Beach", "state": "CA", "personal_investment": true, "existing_business": null, "small_business": true, "view_count": 1, "benefit_types": [1, 2], "industries": [], "purposes": []}}, {"model": "wealthmap.opportunitysearch", "pk": 114, "fields": {"created_at": "2016-09-13T21:56:57.801Z", "updated_at": "2016-09-13T21:56:57.801Z", "city": "Long Beach", "state": "CA", "personal_investment": true, "existing_business": null, "small_business": true, "view_count": 1, "benefit_types": [1, 2], "industries": [], "purposes": []}}, {"model": "wealthmap.opportunitysearch", "pk": 115, "fields": {"created_at": "2016-09-13T21:57:02.170Z", "updated_at": "2016-09-13T21:57:02.170Z", "city": "Long Beach", "state": "CA", "personal_investment": true, "existing_business": null, "small_business": true, "view_count": 1, "benefit_types": [1, 2], "industries": [], "purposes": []}}, {"model": "wealthmap.opportunitysearch", "pk": 116, "fields": {"created_at": "2016-09-15T03:29:49.641Z", "updated_at": "2016-09-15T03:29:49.641Z", "city": "Long Beach", "state": "CA", "personal_investment": true, "existing_business": null, "small_business": true, "view_count": 1, "benefit_types": [1, 2], "industries": [], "purposes": []}}, {"model": "wealthmap.opportunitysearch", "pk": 117, "fields": {"created_at": "2016-09-15T19:42:05.976Z", "updated_at": "2016-09-15T19:42:05.976Z", "city": "Long Beach", "state": "CA", "personal_investment": true, "existing_business": null, "small_business": true, "view_count": 1, "benefit_types": [1], "industries": [1], "purposes": [3, 2, 6]}}, {"model": "wealthmap.opportunitysearch", "pk": 118, "fields": {"created_at": "2016-09-15T20:22:26.968Z", "updated_at": "2016-09-15T20:22:26.968Z", "city": "Long Beach", "state": "CA", "personal_investment": true, "existing_business": null, "small_business": true, "view_count": 1, "benefit_types": [1, 2], "industries": [4], "purposes": [3, 1, 4]}}, {"model": "wealthmap.opportunitysearch", "pk": 119, "fields": {"created_at": "2016-09-15T20:24:28.768Z", "updated_at": "2016-09-15T20:24:28.768Z", "city": "Long Beach", "state": "CA", "personal_investment": true, "existing_business": null, "small_business": true, "view_count": 1, "benefit_types": [1, 2], "industries": [1, 4], "purposes": [3, 1, 4]}}, {"model": "wealthmap.opportunitysearch", "pk": 120, "fields": {"created_at": "2016-09-16T05:41:35.766Z", "updated_at": "2016-09-16T05:41:35.766Z", "city": "Long Beach", "state": "CA", "personal_investment": true, "existing_business": null, "small_business": true, "view_count": 1, "benefit_types": [1, 2], "industries": [4], "purposes": [1]}}, {"model": "wealthmap.opportunitysearch", "pk": 121, "fields": {"created_at": "2016-09-16T17:02:21.665Z", "updated_at": "2016-09-16T17:02:21.665Z", "city": "Long Beach", "state": "CA", "personal_investment": true, "existing_business": null, "small_business": true, "view_count": 1, "benefit_types": [1, 2], "industries": [1], "purposes": []}}, {"model": "wealthmap.opportunitysearch", "pk": 122, "fields": {"created_at": "2016-09-16T22:35:24.007Z", "updated_at": "2016-09-16T22:35:24.007Z", "city": "Long Beach", "state": "CA", "personal_investment": true, "existing_business": null, "small_business": true, "view_count": 1, "benefit_types": [1, 2], "industries": [4], "purposes": [5]}}, {"model": "wealthmap.opportunitysearch", "pk": 123, "fields": {"created_at": "2016-09-17T06:58:24.211Z", "updated_at": "2016-09-17T06:58:24.211Z", "city": "Long Beach", "state": "CA", "personal_investment": true, "existing_business": null, "small_business": true, "view_count": 1, "benefit_types": [1, 2], "industries": [], "purposes": []}}, {"model": "wealthmap.opportunitysearch", "pk": 124, "fields": {"created_at": "2016-09-17T08:14:15.232Z", "updated_at": "2016-09-17T08:14:15.232Z", "city": "Long Beach", "state": "CA", "personal_investment": true, "existing_business": null, "small_business": true, "view_count": 1, "benefit_types": [1, 2], "industries": [4], "purposes": [3, 4]}}, {"model": "wealthmap.opportunitysearch", "pk": 125, "fields": {"created_at": "2016-09-19T16:09:50.673Z", "updated_at": "2016-09-19T16:09:50.674Z", "city": "Long Beach", "state": "CA", "personal_investment": true, "existing_business": null, "small_business": true, "view_count": 1, "benefit_types": [1, 2], "industries": [1], "purposes": [3]}}, {"model": "wealthmap.opportunitysearch", "pk": 126, "fields": {"created_at": "2016-09-20T18:50:35.829Z", "updated_at": "2016-09-20T18:50:35.829Z", "city": "Long Beach", "state": "CA", "personal_investment": true, "existing_business": null, "small_business": true, "view_count": 1, "benefit_types": [1, 2], "industries": [4], "purposes": [1]}}, {"model": "wealthmap.opportunitysearch", "pk": 127, "fields": {"created_at": "2016-09-20T23:18:37.873Z", "updated_at": "2016-09-20T23:18:37.873Z", "city": "Long Beach", "state": "CA", "personal_investment": true, "existing_business": null, "small_business": true, "view_count": 1, "benefit_types": [1, 2], "industries": [2], "purposes": [4]}}, {"model": "wealthmap.opportunitysearch", "pk": 128, "fields": {"created_at": "2016-09-21T21:44:32.989Z", "updated_at": "2016-09-21T21:44:32.989Z", "city": "Long Beach", "state": "CA", "personal_investment": true, "existing_business": null, "small_business": true, "view_count": 1, "benefit_types": [1, 2], "industries": [], "purposes": []}}, {"model": "wealthmap.opportunitysearch", "pk": 129, "fields": {"created_at": "2016-09-21T22:02:51.770Z", "updated_at": "2016-09-21T22:02:51.770Z", "city": "Long Beach", "state": "CA", "personal_investment": true, "existing_business": null, "small_business": true, "view_count": 1, "benefit_types": [1, 2], "industries": [4], "purposes": []}}, {"model": "wealthmap.opportunitysearch", "pk": 130, "fields": {"created_at": "2016-09-22T03:23:00.427Z", "updated_at": "2016-09-22T03:23:00.427Z", "city": "Long Beach", "state": "CA", "personal_investment": true, "existing_business": null, "small_business": true, "view_count": 1, "benefit_types": [1, 2], "industries": [1, 4], "purposes": [3, 1, 4]}}, {"model": "wealthmap.opportunitysearch", "pk": 131, "fields": {"created_at": "2016-09-22T17:37:46.313Z", "updated_at": "2016-09-22T17:37:46.313Z", "city": "Long Beach", "state": "CA", "personal_investment": true, "existing_business": null, "small_business": true, "view_count": 1, "benefit_types": [1, 2], "industries": [4], "purposes": [5]}}, {"model": "wealthmap.opportunitysearch", "pk": 132, "fields": {"created_at": "2016-09-22T20:18:10.195Z", "updated_at": "2016-09-22T20:18:10.195Z", "city": "Long Beach", "state": "CA", "personal_investment": true, "existing_business": null, "small_business": true, "view_count": 1, "benefit_types": [1, 2], "industries": [1], "purposes": [3]}}, {"model": "wealthmap.opportunitysearch", "pk": 133, "fields": {"created_at": "2016-09-22T20:18:23.597Z", "updated_at": "2016-09-22T20:18:23.597Z", "city": "Long Beach", "state": "CA", "personal_investment": true, "existing_business": null, "small_business": true, "view_count": 1, "benefit_types": [1], "industries": [1], "purposes": [3]}}, {"model": "wealthmap.opportunitysearch", "pk": 134, "fields": {"created_at": "2016-09-22T21:53:28.610Z", "updated_at": "2016-09-22T21:53:28.610Z", "city": "Long Beach", "state": "CA", "personal_investment": true, "existing_business": null, "small_business": true, "view_count": 1, "benefit_types": [1, 2], "industries": [4], "purposes": [5]}}, {"model": "wealthmap.opportunitysearch", "pk": 135, "fields": {"created_at": "2016-09-25T23:59:53.986Z", "updated_at": "2016-09-25T23:59:53.986Z", "city": "Long Beach", "state": "CA", "personal_investment": true, "existing_business": null, "small_business": true, "view_count": 1, "benefit_types": [1, 2], "industries": [], "purposes": []}}, {"model": "wealthmap.opportunitysearch", "pk": 136, "fields": {"created_at": "2016-09-25T23:59:59.742Z", "updated_at": "2016-09-25T23:59:59.743Z", "city": "Long Beach", "state": "CA", "personal_investment": true, "existing_business": null, "small_business": true, "view_count": 1, "benefit_types": [1, 2], "industries": [], "purposes": []}}, {"model": "wealthmap.opportunitysearch", "pk": 137, "fields": {"created_at": "2016-09-26T15:38:21.914Z", "updated_at": "2016-09-26T15:38:21.914Z", "city": "Long Beach", "state": "CA", "personal_investment": true, "existing_business": null, "small_business": true, "view_count": 1, "benefit_types": [1, 2], "industries": [1], "purposes": [1]}}, {"model": "wealthmap.opportunitysearch", "pk": 138, "fields": {"created_at": "2016-09-26T15:38:52.469Z", "updated_at": "2016-09-26T15:38:52.469Z", "city": "Long Beach", "state": "CA", "personal_investment": true, "existing_business": null, "small_business": true, "view_count": 1, "benefit_types": [2], "industries": [], "purposes": []}}, {"model": "wealthmap.opportunitysearch", "pk": 139, "fields": {"created_at": "2016-09-28T07:44:57.323Z", "updated_at": "2016-09-28T07:44:57.323Z", "city": "Long Beach", "state": "CA", "personal_investment": true, "existing_business": null, "small_business": true, "view_count": 1, "benefit_types": [1, 2], "industries": [4], "purposes": [5, 3, 1, 4, 6]}}, {"model": "wealthmap.opportunitysearch", "pk": 140, "fields": {"created_at": "2016-09-28T07:46:02.347Z", "updated_at": "2016-09-28T07:46:02.347Z", "city": "Long Beach", "state": "CA", "personal_investment": true, "existing_business": null, "small_business": true, "view_count": 1, "benefit_types": [1, 2], "industries": [1, 4], "purposes": [5, 3, 1, 2, 4, 6]}}, {"model": "wealthmap.opportunitysearch", "pk": 141, "fields": {"created_at": "2016-09-28T07:57:37.809Z", "updated_at": "2016-09-28T07:57:37.809Z", "city": "Long Beach", "state": "CA", "personal_investment": true, "existing_business": null, "small_business": true, "view_count": 1, "benefit_types": [1, 2], "industries": [1, 2, 3, 4], "purposes": [5, 3, 1, 2, 4, 6]}}, {"model": "wealthmap.opportunitysearch", "pk": 142, "fields": {"created_at": "2016-09-29T04:57:50.991Z", "updated_at": "2016-09-29T04:57:50.991Z", "city": "Long Beach", "state": "CA", "personal_investment": true, "existing_business": null, "small_business": true, "view_count": 1, "benefit_types": [1, 2], "industries": [4], "purposes": [3, 1, 4, 6]}}, {"model": "wealthmap.opportunitysearch", "pk": 143, "fields": {"created_at": "2016-09-29T05:02:06.382Z", "updated_at": "2016-09-29T05:02:06.382Z", "city": "Long Beach", "state": "CA", "personal_investment": true, "existing_business": null, "small_business": true, "view_count": 1, "benefit_types": [1, 2], "industries": [4], "purposes": [3, 1, 4, 6]}}, {"model": "wealthmap.opportunitysearch", "pk": 144, "fields": {"created_at": "2016-09-29T23:00:03.189Z", "updated_at": "2016-09-29T23:00:03.189Z", "city": "Long Beach", "state": "CA", "personal_investment": true, "existing_business": null, "small_business": true, "view_count": 1, "benefit_types": [1], "industries": [1], "purposes": [3]}}, {"model": "wealthmap.opportunitysearch", "pk": 145, "fields": {"created_at": "2016-09-29T23:26:31.513Z", "updated_at": "2016-09-29T23:26:31.513Z", "city": "Long Beach", "state": "CA", "personal_investment": true, "existing_business": null, "small_business": true, "view_count": 1, "benefit_types": [1], "industries": [1], "purposes": [3]}}, {"model": "wealthmap.opportunitysearch", "pk": 146, "fields": {"created_at": "2016-09-30T16:26:39.704Z", "updated_at": "2016-09-30T16:26:39.704Z", "city": "Long Beach", "state": "CA", "personal_investment": true, "existing_business": null, "small_business": true, "view_count": 1, "benefit_types": [1], "industries": [4], "purposes": []}}, {"model": "wealthmap.opportunitysearch", "pk": 147, "fields": {"created_at": "2016-09-30T16:27:22.436Z", "updated_at": "2016-09-30T16:27:22.436Z", "city": "Long Beach", "state": "CA", "personal_investment": true, "existing_business": null, "small_business": true, "view_count": 1, "benefit_types": [1, 2], "industries": [4], "purposes": []}}, {"model": "wealthmap.opportunitysearch", "pk": 148, "fields": {"created_at": "2016-09-30T19:32:35.718Z", "updated_at": "2016-09-30T19:32:35.718Z", "city": "Long Beach", "state": "CA", "personal_investment": true, "existing_business": null, "small_business": true, "view_count": 1, "benefit_types": [1], "industries": [4], "purposes": []}}, {"model": "wealthmap.opportunitysearch", "pk": 149, "fields": {"created_at": "2016-09-30T19:35:50.093Z", "updated_at": "2016-09-30T19:35:50.093Z", "city": "Long Beach", "state": "CA", "personal_investment": true, "existing_business": null, "small_business": true, "view_count": 1, "benefit_types": [1, 2], "industries": [], "purposes": []}}, {"model": "wealthmap.opportunitysearch", "pk": 150, "fields": {"created_at": "2016-10-02T12:41:37.327Z", "updated_at": "2016-10-02T12:41:37.327Z", "city": "Long Beach", "state": "CA", "personal_investment": true, "existing_business": null, "small_business": true, "view_count": 1, "benefit_types": [1], "industries": [4], "purposes": [2]}}, {"model": "wealthmap.opportunitysearch", "pk": 151, "fields": {"created_at": "2016-10-02T12:42:50.116Z", "updated_at": "2016-10-02T12:42:50.116Z", "city": "Long Beach", "state": "CA", "personal_investment": true, "existing_business": null, "small_business": true, "view_count": 1, "benefit_types": [1], "industries": [4], "purposes": [3, 1, 2]}}, {"model": "wealthmap.opportunitysearch", "pk": 152, "fields": {"created_at": "2016-10-02T13:54:01.099Z", "updated_at": "2016-10-02T13:54:01.099Z", "city": "Long Beach", "state": "CA", "personal_investment": true, "existing_business": null, "small_business": true, "view_count": 1, "benefit_types": [1, 2], "industries": [1], "purposes": [3]}}, {"model": "wealthmap.opportunitysearch", "pk": 153, "fields": {"created_at": "2016-10-02T15:15:31.191Z", "updated_at": "2016-10-02T15:15:31.191Z", "city": "Long Beach", "state": "CA", "personal_investment": true, "existing_business": null, "small_business": true, "view_count": 1, "benefit_types": [1, 2], "industries": [4], "purposes": [3]}}, {"model": "wealthmap.opportunitysearch", "pk": 154, "fields": {"created_at": "2016-10-03T03:45:54.975Z", "updated_at": "2016-10-03T03:45:54.975Z", "city": "Long Beach", "state": "CA", "personal_investment": true, "existing_business": null, "small_business": true, "view_count": 1, "benefit_types": [1, 2], "industries": [4], "purposes": [3]}}, {"model": "wealthmap.opportunitysearch", "pk": 155, "fields": {"created_at": "2016-10-03T13:49:29.585Z", "updated_at": "2016-10-03T13:49:29.585Z", "city": "Long Beach", "state": "CA", "personal_investment": true, "existing_business": null, "small_business": true, "view_count": 1, "benefit_types": [1, 2], "industries": [], "purposes": []}}, {"model": "wealthmap.opportunitysearch", "pk": 156, "fields": {"created_at": "2016-10-03T19:22:15.256Z", "updated_at": "2016-10-03T19:22:15.256Z", "city": "Long Beach", "state": "CA", "personal_investment": true, "existing_business": null, "small_business": true, "view_count": 1, "benefit_types": [1, 2], "industries": [4], "purposes": []}}, {"model": "wealthmap.opportunitysearch", "pk": 157, "fields": {"created_at": "2016-10-03T19:24:55.030Z", "updated_at": "2016-10-03T19:24:55.030Z", "city": "Long Beach", "state": "CA", "personal_investment": true, "existing_business": null, "small_business": true, "view_count": 1, "benefit_types": [1, 2], "industries": [4], "purposes": []}}, {"model": "wealthmap.opportunitysearch", "pk": 158, "fields": {"created_at": "2016-10-03T19:28:08.377Z", "updated_at": "2016-10-03T19:28:08.378Z", "city": "Long Beach", "state": "CA", "personal_investment": true, "existing_business": null, "small_business": true, "view_count": 1, "benefit_types": [1], "industries": [4], "purposes": [1]}}, {"model": "wealthmap.opportunitysearch", "pk": 159, "fields": {"created_at": "2016-10-03T21:21:16.241Z", "updated_at": "2016-10-03T21:21:16.241Z", "city": "Long Beach", "state": "CA", "personal_investment": true, "existing_business": null, "small_business": true, "view_count": 1, "benefit_types": [1, 2], "industries": [4], "purposes": [3, 1, 2]}}, {"model": "wealthmap.opportunitysearch", "pk": 160, "fields": {"created_at": "2016-10-04T06:11:03.298Z", "updated_at": "2016-10-04T06:11:03.298Z", "city": "Long Beach", "state": "CA", "personal_investment": true, "existing_business": null, "small_business": true, "view_count": 1, "benefit_types": [1, 2], "industries": [1], "purposes": [2]}}, {"model": "wealthmap.opportunitysearch", "pk": 161, "fields": {"created_at": "2016-10-04T17:52:12.016Z", "updated_at": "2016-10-04T17:52:12.016Z", "city": "Long Beach", "state": "CA", "personal_investment": true, "existing_business": null, "small_business": true, "view_count": 1, "benefit_types": [1, 2], "industries": [], "purposes": []}}, {"model": "wealthmap.opportunitysearch", "pk": 162, "fields": {"created_at": "2016-10-05T16:25:36.284Z", "updated_at": "2016-10-05T16:25:36.284Z", "city": "Long Beach", "state": "CA", "personal_investment": true, "existing_business": null, "small_business": true, "view_count": 1, "benefit_types": [1, 2], "industries": [4], "purposes": [3]}}, {"model": "wealthmap.opportunitysearch", "pk": 163, "fields": {"created_at": "2016-10-05T23:45:46.147Z", "updated_at": "2016-10-05T23:45:46.147Z", "city": "Long Beach", "state": "CA", "personal_investment": true, "existing_business": null, "small_business": true, "view_count": 1, "benefit_types": [1], "industries": [3], "purposes": []}}, {"model": "wealthmap.opportunitysearch", "pk": 164, "fields": {"created_at": "2016-10-05T23:53:51.424Z", "updated_at": "2016-10-05T23:53:51.424Z", "city": "Long Beach", "state": "CA", "personal_investment": true, "existing_business": null, "small_business": true, "view_count": 1, "benefit_types": [1, 2], "industries": [1], "purposes": [1]}}, {"model": "wealthmap.opportunitysearch", "pk": 165, "fields": {"created_at": "2016-10-06T00:32:12.254Z", "updated_at": "2016-10-06T00:32:12.254Z", "city": "Long Beach", "state": "CA", "personal_investment": true, "existing_business": null, "small_business": true, "view_count": 1, "benefit_types": [1], "industries": [1], "purposes": [3, 1, 6]}}, {"model": "wealthmap.opportunitysearch", "pk": 166, "fields": {"created_at": "2016-10-06T03:26:24.521Z", "updated_at": "2016-10-06T03:26:24.521Z", "city": "Long Beach", "state": "CA", "personal_investment": true, "existing_business": null, "small_business": true, "view_count": 1, "benefit_types": [1, 2], "industries": [], "purposes": []}}, {"model": "wealthmap.opportunitysearch", "pk": 167, "fields": {"created_at": "2016-10-06T03:42:36.309Z", "updated_at": "2016-10-06T03:42:36.309Z", "city": "Long Beach", "state": "CA", "personal_investment": true, "existing_business": null, "small_business": true, "view_count": 1, "benefit_types": [1], "industries": [], "purposes": []}}, {"model": "wealthmap.opportunitysearch", "pk": 168, "fields": {"created_at": "2016-10-06T15:03:19.477Z", "updated_at": "2016-10-06T15:03:19.477Z", "city": "Long Beach", "state": "CA", "personal_investment": true, "existing_business": null, "small_business": true, "view_count": 1, "benefit_types": [1, 2], "industries": [4], "purposes": []}}, {"model": "wealthmap.opportunitysearch", "pk": 169, "fields": {"created_at": "2016-10-06T16:21:14.374Z", "updated_at": "2016-10-06T16:21:14.374Z", "city": "Long Beach", "state": "CA", "personal_investment": true, "existing_business": null, "small_business": true, "view_count": 1, "benefit_types": [1, 2], "industries": [4], "purposes": [3]}}, {"model": "wealthmap.opportunitysearch", "pk": 170, "fields": {"created_at": "2016-10-06T18:10:18.405Z", "updated_at": "2016-10-06T18:10:18.405Z", "city": "Long Beach", "state": "CA", "personal_investment": true, "existing_business": null, "small_business": true, "view_count": 1, "benefit_types": [1, 2], "industries": [4], "purposes": [1]}}, {"model": "wealthmap.opportunitysearch", "pk": 171, "fields": {"created_at": "2016-10-06T21:52:28.443Z", "updated_at": "2016-10-06T21:52:28.443Z", "city": "Long Beach", "state": "CA", "personal_investment": true, "existing_business": null, "small_business": true, "view_count": 1, "benefit_types": [1, 2], "industries": [4], "purposes": []}}, {"model": "wealthmap.opportunitysearch", "pk": 172, "fields": {"created_at": "2016-10-06T22:10:29.801Z", "updated_at": "2016-10-06T22:10:29.801Z", "city": "Long Beach", "state": "CA", "personal_investment": true, "existing_business": null, "small_business": true, "view_count": 1, "benefit_types": [1, 2], "industries": [1], "purposes": [1]}}, {"model": "wealthmap.opportunitysearch", "pk": 173, "fields": {"created_at": "2016-10-06T22:56:00.637Z", "updated_at": "2016-10-06T22:56:00.637Z", "city": "Long Beach", "state": "CA", "personal_investment": true, "existing_business": null, "small_business": true, "view_count": 1, "benefit_types": [1, 2], "industries": [2], "purposes": [4]}}, {"model": "wealthmap.opportunitysearch", "pk": 174, "fields": {"created_at": "2016-10-06T23:52:03.039Z", "updated_at": "2016-10-06T23:52:03.039Z", "city": "Long Beach", "state": "CA", "personal_investment": true, "existing_business": null, "small_business": true, "view_count": 1, "benefit_types": [1, 2], "industries": [], "purposes": []}}, {"model": "wealthmap.opportunitysearch", "pk": 175, "fields": {"created_at": "2016-10-07T20:32:38.874Z", "updated_at": "2016-10-07T20:32:38.874Z", "city": "Long Beach", "state": "CA", "personal_investment": true, "existing_business": null, "small_business": true, "view_count": 1, "benefit_types": [1], "industries": [4], "purposes": []}}, {"model": "wealthmap.opportunitysearch", "pk": 176, "fields": {"created_at": "2016-10-08T18:43:39.739Z", "updated_at": "2016-10-08T18:43:39.739Z", "city": "Long Beach", "state": "CA", "personal_investment": true, "existing_business": null, "small_business": true, "view_count": 1, "benefit_types": [1, 2], "industries": [], "purposes": []}}, {"model": "wealthmap.opportunitysearch", "pk": 177, "fields": {"created_at": "2016-10-08T21:43:59.145Z", "updated_at": "2016-10-08T21:43:59.145Z", "city": "Long Beach", "state": "CA", "personal_investment": true, "existing_business": null, "small_business": true, "view_count": 1, "benefit_types": [1, 2], "industries": [], "purposes": []}}, {"model": "wealthmap.opportunitysearch", "pk": 178, "fields": {"created_at": "2016-10-08T22:26:48.685Z", "updated_at": "2016-10-08T22:26:48.685Z", "city": "Long Beach", "state": "CA", "personal_investment": true, "existing_business": null, "small_business": true, "view_count": 1, "benefit_types": [1, 2], "industries": [4], "purposes": [3, 6]}}, {"model": "wealthmap.opportunitysearch", "pk": 179, "fields": {"created_at": "2016-10-08T22:29:26.160Z", "updated_at": "2016-10-08T22:29:26.160Z", "city": "Long Beach", "state": "CA", "personal_investment": true, "existing_business": null, "small_business": true, "view_count": 1, "benefit_types": [1, 2], "industries": [4], "purposes": [3, 6]}}, {"model": "wealthmap.opportunitysearch", "pk": 180, "fields": {"created_at": "2016-10-09T00:42:10.513Z", "updated_at": "2016-10-09T00:42:10.513Z", "city": "Long Beach", "state": "CA", "personal_investment": true, "existing_business": null, "small_business": true, "view_count": 1, "benefit_types": [1, 2], "industries": [4], "purposes": [3, 1]}}, {"model": "wealthmap.opportunitysearch", "pk": 181, "fields": {"created_at": "2016-10-10T00:28:28.425Z", "updated_at": "2016-10-10T00:28:28.425Z", "city": "Long Beach", "state": "CA", "personal_investment": true, "existing_business": null, "small_business": true, "view_count": 1, "benefit_types": [1, 2], "industries": [4], "purposes": [3]}}, {"model": "wealthmap.opportunitysearch", "pk": 182, "fields": {"created_at": "2016-10-10T05:55:01.974Z", "updated_at": "2016-10-10T05:55:01.974Z", "city": "Long Beach", "state": "CA", "personal_investment": true, "existing_business": null, "small_business": true, "view_count": 1, "benefit_types": [2], "industries": [4], "purposes": [6]}}, {"model": "wealthmap.opportunitysearch", "pk": 183, "fields": {"created_at": "2016-10-10T17:38:31.653Z", "updated_at": "2016-10-10T17:38:31.653Z", "city": "Long Beach", "state": "CA", "personal_investment": true, "existing_business": null, "small_business": true, "view_count": 1, "benefit_types": [1, 2], "industries": [4], "purposes": [3]}}, {"model": "wealthmap.opportunitysearch", "pk": 184, "fields": {"created_at": "2016-10-10T18:32:23.578Z", "updated_at": "2016-10-10T18:32:23.578Z", "city": "Long Beach", "state": "CA", "personal_investment": true, "existing_business": null, "small_business": true, "view_count": 1, "benefit_types": [1, 2], "industries": [], "purposes": []}}, {"model": "wealthmap.opportunitysearch", "pk": 185, "fields": {"created_at": "2016-10-10T18:50:34.803Z", "updated_at": "2016-10-10T18:50:34.803Z", "city": "Long Beach", "state": "CA", "personal_investment": true, "existing_business": null, "small_business": true, "view_count": 1, "benefit_types": [1, 2], "industries": [1, 2, 3, 4], "purposes": [5, 3, 1, 2, 4, 6]}}, {"model": "wealthmap.opportunitysearch", "pk": 186, "fields": {"created_at": "2016-10-10T19:59:06.997Z", "updated_at": "2016-10-10T19:59:06.997Z", "city": "Long Beach", "state": "CA", "personal_investment": true, "existing_business": null, "small_business": true, "view_count": 1, "benefit_types": [1, 2], "industries": [4], "purposes": []}}, {"model": "matcher.longbeachopportunity", "pk": 1, "fields": {"description": "The 4th Street Business Improvement District can assist new and existing businesses *within its area* as they go through the process of setting up and growing a small business.", "value_prop": "Local business assistance", "application_link": "http://www.cobalb.com/business-districts/4th-street-retro/", "benefit_types": [2], "industries": [], "purposes": []}}, {"model": "matcher.longbeachopportunity", "pk": 2, "fields": {"description": "The purpose of the Bixby Knolls Business Improvement Association is to promote the interests of its professional, service and retail members, to enhance the common areas within the BIA area, to facilitate the exchange of business information and ideas, and to promote the highest business and ethical standards.\r\n\r\nThe BID can assist new and existing businesses *within its area* as they go through the process of setting up and growing a small business.", "value_prop": "Local business assistance", "application_link": "http://bixbyknollsinfo.com/", "benefit_types": [2], "industries": [], "purposes": []}}, {"model": "matcher.longbeachopportunity", "pk": 3, "fields": {"description": "The California Alternative Energy and Advanced Transportation Financing Authority (CAEATFA) provides a sales and use tax exclusion for advanced manufacturers and manufacturers of alternative source and advanced transportation products, components or systems.", "value_prop": "Sales tax exemption on manufacturing equipment purchases", "application_link": "http://www.treasurer.ca.gov/caeatfa/ste/index.asp", "benefit_types": [1], "industries": [1], "purposes": [3]}}, {"model": "matcher.longbeachopportunity", "pk": 4, "fields": {"description": "Manufacturers and certain research and developers may qualify for a partial exemption of sales and use tax on certain manufacturing and research and development equipment purchases and leases.\r\n\r\nThe partial exemption rate is currently 4.1875 percent. The partial exemption provides that sales of the qualifying property sold to a qualified person be taxed at a rate of 3.3125 percent (7.50 percent current statewide tax rate \u2013 4.1875 percent partial exemption) plus any applicable district taxes.", "value_prop": "4% tax exemption for manufacturing equipment purchases", "application_link": "http://www.boe.ca.gov/sutax/manufacturing_exemptions.htm", "benefit_types": [1], "industries": [1], "purposes": [3]}}, {"model": "matcher.longbeachopportunity", "pk": 5, "fields": {"description": "\u2022 Approximately $350-$520.\r\n\u2022 Qualification: A small business who relocates from outside of Long Beach or adds an\r\nadditional location in Long Beach.\r\n\u2022 Example: Incentive amount equal to the amount of first year's business license tax for\r\nnew or expanded location. Paid as a credit against first year's business license tax bill.", "value_prop": "$350-$520 to relocate or expand a small business in Long Beach", "application_link": "http://www.longbeach.gov/finance/media-library/documents/business-info/business-licenses/small-business-incentives---application/", "benefit_types": [1], "industries": [4], "purposes": [2]}}, {"model": "matcher.longbeachopportunity", "pk": 6, "fields": {"description": "\u2022 Approximately $36 to $70 per employee added.\r\n\u2022 Qualification: Currently licensed small business adds employees.\r\n\u2022 Example: Incentive amount equal to four times the amount of incremental license tax\r\nfor each new employee for the current year, based on before and after business license\r\nheadcount. Paid as a credit against the current year's business license tax bill.", "value_prop": "$36-70 per new employee added", "application_link": "http://www.longbeach.gov/finance/media-library/documents/business-info/business-licenses/small-business-incentives---application/", "benefit_types": [1], "industries": [], "purposes": []}}, {"model": "matcher.longbeachopportunity", "pk": 7, "fields": {"description": "This program provides up to $25,000 to start-up and existing businesses. A microenterprise business is defined as having five or fewer employees, one of which is the owner. The income of the owner must not exceed certain limitations as defined by the U.S. government.", "value_prop": "Up to $25,000 loans for very small businesses", "application_link": "http://www.lbds.info/neighborhood_services/corridor_beautification/business_loan.asp", "benefit_types": [1], "industries": [], "purposes": []}}, {"model": "matcher.longbeachopportunity", "pk": 8, "fields": {"description": "\u2022 Approximately $350-$520.\r\n\u2022 Qualification: A small business who relocates from outside of Long Beach or adds an\r\nadditional location in Long Beach.\r\n\u2022 Example: Incentive amount equal to the amount of first year's business license tax for\r\nnew or expanded location. Paid as a credit against first year's business license tax bill.", "value_prop": "$700-860 to start or relocate a small manufacturing business in Long Beach", "application_link": "http://www.longbeach.gov/finance/media-library/documents/business-info/business-licenses/small-business-incentives---application/", "benefit_types": [1], "industries": [1], "purposes": [2]}}, {"model": "matcher.longbeachopportunity", "pk": 9, "fields": {"description": "\u2022 Approximately $700 to $1,035.\r\n\u2022 Qualification: A small business making renovation or construction of improvements,\r\npaid for by the small business and not by its landlord or others.\r\n\u2022 Example: Incentive amount equal to the amount of one year of the current business\r\nlicense tax for the business, if the total value of the renovation or construction\r\nexceeds $2,000. Paid as a credit against the business license tax bill.", "value_prop": "$700-1035 for small business renovations", "application_link": "http://www.longbeach.gov/finance/media-library/documents/business-info/business-licenses/small-business-incentives---application/", "benefit_types": [1], "industries": [], "purposes": [6]}}, {"model": "matcher.longbeachopportunity", "pk": 10, "fields": {"description": "Our lending programs provide capital to local businesses. The purpose of these business loan programs is to create jobs and stimulate growth. Funds may be used for equipment purchase, property purchase, and working capital. Firms unable to obtain financing from conventional sources may apply.", "value_prop": "Loans up to several hundred thousand dollars for existing businesses", "application_link": "http://www.longbeach.gov/citymanager/economic-development/financial-assistance/", "benefit_types": [1], "industries": [], "purposes": []}}, {"model": "matcher.longbeachopportunity", "pk": 11, "fields": {"description": "The City of Long Beach and the Grow America Fund (GAF) have established and capitalized the Grow Long Beach Fund as an unique economic development tool designed to assist eligible small businesses within the City of Long Beach to obtain the financing required to grow their business.\r\n\r\nLoans made under this program are underwritten by the Grow America Fund and guaranteed by the Small Business Administration (SBA) under GAF's Small Business Lending Company License. Therefore, each loan must comply with SBA guidelines and procedures. Advantages of this program include:\r\n\r\n - Longer term - up to 25 years\r\n - Lower interest rates (prime + 1.5% variable) than most conventional bank financing\r\n - Loan amounts range from $100,000 to $2M\r\n - Proceeds can be used for working capital, machinery & equipment purchases and installation, tenant improvements, real estate acquisition, business debt refinancing, green energy and energy efficiency financing, etc.", "value_prop": "Loans from $100,000 to $2M for small businesses", "application_link": "http://www.longbeach.gov/citymanager/economic-development/grow-long-beach-fund-loan-program/", "benefit_types": [1], "industries": [], "purposes": []}}, {"model": "matcher.longbeachopportunity", "pk": 12, "fields": {"description": "", "value_prop": "", "application_link": "https://www.cfda.gov/?s=program&mode=form&tab=step1&id=16e9e0556e4036504ec24408a1b9a4d8", "benefit_types": [2], "industries": [], "purposes": []}}, {"model": "matcher.longbeachopportunity", "pk": 13, "fields": {"description": "The BEA Program awards FDIC-insured depository institutions for increasing their support of CDFIs and advancing their community development activities in distressed communities.", "value_prop": "Grants for FDIC-insured lenders in distressed communities", "application_link": "https://www.cdfifund.gov/programs-training/Programs/bank_enterprise_award/Pages/default.aspx", "benefit_types": [1], "industries": [3], "purposes": []}}, {"model": "matcher.longbeachopportunity", "pk": 14, "fields": {"description": "Through the use of monetary awards and training opportunities, the CDFI Fund\u2019s Native Initiatives program creates jobs, builds businesses, and fosters economic self-determination in Native Communities nationwide.\r\n\r\nTo be eligible for a Financial Assistance award through the NACA Program, your organization must be a Certified or Certifiable CDFI, and at least 50 percent of your activities must serve Native Americans, Alaska Natives, and/or Native Hawaiian communities. Certifiable CDFIs are entities that submitted a Certification Application to the CDFI Fund by the deadline specified in the applicable Notice of Funds Availability (NOFA), but are not yet officially certified at the time of Financial Assistance application submission.", "value_prop": "Grants and support for CDFIs serving Native Communities", "application_link": "https://www.cdfifund.gov/programs-training/Programs/native-initiatives/Pages/default.aspx", "benefit_types": [1, 2], "industries": [3], "purposes": []}}, {"model": "matcher.longbeachopportunity", "pk": 15, "fields": {"description": "", "value_prop": "", "application_link": "http://www.downtownlongbeach.org/default", "benefit_types": [2], "industries": [], "purposes": []}}, {"model": "matcher.longbeachopportunity", "pk": 16, "fields": {"description": "The Employment Training Panel (ETP) provides funding to employers to assist in upgrading the skills of their workers through training that leads to good paying, long-term jobs. The ETP was created in 1982 by the California State Legislature and is funded by California employers through a special payroll tax. The ETP is a funding agency, not a training agency. Businesses determine their own training needs and how to provide training. ETP staff is available to assist in applying for funds and other aspects of participation.\r\n\r\nETP prioritizes small business training and is an essential resource for small employers who otherwise may have no means to train their workers. About three-fourths of all businesses served by ETP employ 250 or fewer workers; and as many as one-third employ only 20 or fewer workers\r\n\r\nETP serves small employers in two ways: 1) direct contracts with single employers, and 2) multiple employer contracts (MECs) with employer consortia, joint apprenticeship training councils, trade associations, and training agencies that train workers of multiple employers.", "value_prop": "Training for small business owners and employees", "application_link": "http://www.etp.ca.gov/", "benefit_types": [1], "industries": [], "purposes": [4]}}, {"model": "matcher.longbeachopportunity", "pk": 17, "fields": {"description": "", "value_prop": "", "application_link": "http://www.business.ca.gov/Programs/CaliforniaCompetesTaxCredit.aspx", "benefit_types": [1], "industries": [], "purposes": []}}, {"model": "matcher.longbeachopportunity", "pk": 18, "fields": {"description": "", "value_prop": "", "application_link": "http://business.ca.gov/Home/ContactUs.aspx", "benefit_types": [2], "industries": [], "purposes": []}}, {"model": "matcher.longbeachopportunity", "pk": 19, "fields": {"description": "", "value_prop": "", "application_link": "http://business.ca.gov/RelocateExpand/SiteSelection.aspx", "benefit_types": [2], "industries": [], "purposes": []}}, {"model": "matcher.longbeachopportunity", "pk": 20, "fields": {"description": "The Permit Assistance Unit provides comprehensive permit assistance and regulatory compliance statewide to all businesses in California by serving as the central source of permit guidance.\r\n\r\nThe Governor\u2019s Office of Business and Economic Development\u2019s Permit Assistance staff, combined with local and regional permitting agencies, provides permit identification and regulatory compliance assistance. The permit assistance staff acts as a neutral third-party facilitators and their service is confidential and free. A project manager may be assigned to personally guide an applicant through the permit process.\r\n\r\nKnowledgeable staff helps new business owners identify all of their permits needed to start a new or to expand an existing business. The unit schedules pre-application meetings between businesses and the appropriate regulatory agencies to help streamline the permitting process. The permit assistance staff acts as a neutral facilitator between state regulator agencies and businesses to resolve permitting issues.", "value_prop": "Advice and support for obtaining permits throughout California", "application_link": "http://business.ca.gov/Programs/Permits.aspx", "benefit_types": [2], "industries": [], "purposes": []}}, {"model": "matcher.longbeachopportunity", "pk": 21, "fields": {"description": "Goldman Sachs 10,000 Small Businesses at Long Beach City College is a program for small businesses that links learning to action.  Through the program, participants will gain practical skills in topics such as negotiation, marketing, and employee management that can immediately be put into action.  In addition, they will receive the tools and professional support to develop a strategic and customized growth plan that will take their business to the next level.\r\n\r\nAcross the U.S., 10,000 Small Businesses graduates are increasing their revenues and creating new jobs in their communities:\r\n\r\n- 63% of participants reported an increase in revenues\r\n- 47% reported creating new jobs\r\n- 76% are doing business with each other\r\n\r\nThe program has a 99% completion rate.\r\n\r\nSelected applicants will gain access to a world-class business education and connections to a professional support network at no cost.", "value_prop": "Support and networking to grow a small business", "application_link": "http://www.lbcc.edu/CAED/10000sb-about.cfm", "benefit_types": [2], "industries": [], "purposes": []}}, {"model": "matcher.longbeachopportunity", "pk": 22, "fields": {"description": "The Cambodia Town Business Improvement District can assist new and existing businesses *within its area* as they go through the process of setting up and growing a small business.", "value_prop": "Local business assistance", "application_link": "http://www.cobalb.com/business-districts/cambodia-town/", "benefit_types": [2], "industries": [], "purposes": []}}, {"model": "matcher.longbeachopportunity", "pk": 23, "fields": {"description": "This new tool will give you the same service and information as physically visiting the City Hall, but with increased efficiency and convenience. Use it for cost and time estimates, and to identify ideal locations for your business.", "value_prop": "Research help to prepare for business licensing and permitting", "application_link": "https://long-beach.opencounter.com/", "benefit_types": [2], "industries": [2], "purposes": []}}, {"model": "matcher.longbeachopportunity", "pk": 24, "fields": {"description": "Grant funds are available from local, state and federal agencies for air emission reductions that go beyond current regulatory requirements. Potential grant opportunities are summarized on the opportunity's website.", "value_prop": "Grants for air emissions reductions projects and purchases", "application_link": "http://www.polb.com/environment/air/grants.asp", "benefit_types": [1], "industries": [], "purposes": []}}, {"model": "matcher.longbeachopportunity", "pk": 25, "fields": {"description": "Answer a few questions about your business, hear from SBA-approved lenders within 2 business days, and receive information on free and low-cost training options.", "value_prop": "Introductions to lenders for small business loans", "application_link": "https://www.sba.gov/tools/linc", "benefit_types": [1], "industries": [], "purposes": []}}, {"model": "matcher.longbeachopportunity", "pk": 26, "fields": {"description": "If you have suffered substantial economic injury and are one of the following types of businesses located in a declared disaster area, you may be eligible for an SBA Economic Injury Disaster Loan (EIDL).\r\n\r\nSubstantial economic injury means the business is unable to meet its obligations and to pay its ordinary and necessary operating expenses. EIDLs provide the necessary working capital to help small businesses survive until normal operations resume after a disaster.\r\n\r\nThe SBA can provide up to $2 million to help meet financial obligations and operating expenses that could have been met had the disaster not occurred. Your loan amount will be based on your actual economic injury and your company's financial needs, regardless of whether the business suffered any property damage.", "value_prop": "Loans up to $2M to recover from a disaster", "application_link": "https://www.sba.gov/loans-grants/see-what-sba-offers/sba-loan-programs/disaster-loans/types-disaster-loans/economic-injury-disaster-loans", "benefit_types": [1], "industries": [], "purposes": [5]}}, {"model": "matcher.longbeachopportunity", "pk": 27, "fields": {"description": "The CDC/504 Loan Program provides financing for major fixed assets such as equipment or real estate.", "value_prop": "Loans up to $5M for small businesses", "application_link": "https://www.sba.gov/loans-grants/see-what-sba-offers/sba-loan-programs/real-estate-equipment-loans-cdc-504/cdc-504-loan-program-eligibility", "benefit_types": [1], "industries": [], "purposes": [3]}}, {"model": "matcher.longbeachopportunity", "pk": 28, "fields": {"description": "SCORE offers the largest network of volunteer business mentors providing free answers to your business questions. Browse mentor profiles to find your ideal expert or ask a question and let your local chapter pair you with the right expert.", "value_prop": "One-on-one mentorship from an experienced businessperson", "application_link": "https://www.score.org/find-mentor", "benefit_types": [2], "industries": [], "purposes": []}}, {"model": "matcher.longbeachopportunity", "pk": 29, "fields": {"description": "Every business starts with a bright idea. Whether you need help getting your idea off the ground or want to grow your business, we\u2019re here for you.\r\nThe Los Angeles Regional Small Business Development Center (SBDC) Network is funded in part by the Small Business Administration (SBA). We provide individualized consulting and training to new and growing businesses.", "value_prop": "Advice and support in starting and growing a small business", "application_link": "http://longbeachsbdc.org/", "benefit_types": [2], "industries": [], "purposes": []}}, {"model": "matcher.longbeachopportunity", "pk": 30, "fields": {"description": "This loan of up to $750,000 may finance underground storage tank (UST) removal and replacement, under-dispenser containment, leak detection equipment, piping, enhanced vapor recovery, and dispensers.\r\n\r\nThis loan is designated for owners or operators of small independent UST facilities. For small business status, the applicant must employ fewer than 500 full-time and part-time employees, is not dominant in its field of operation, the principal office of the small business shall be domiciled in California, and the officers of the small business shall be domiciled in California.", "value_prop": "Loan for replacement of underground storage tanks", "application_link": "http://sbfdoc.com/programs/rust-loan/", "benefit_types": [1], "industries": [4], "purposes": []}}, {"model": "matcher.longbeachopportunity", "pk": 31, "fields": {"description": "Bonding allows small contractors to secure contracts on larger commercial projects and to bid on major public works projects. Thus, bonding can help businesses expand into other markets and become more competitive.\r\n\r\nThe purpose of this program is to encourage surety companies to issue bonds to small and emerging contractors.\r\n\r\nQualifications: Small contractor bidding on public works job with successful track record of completing similar jobs.\r\n\r\nMaximum Amount: $350,000 liability per contract.\r\n\r\nCollateral: Available business and personal assets.\r\n\r\nFees: Guaranty fee is 2.0%.", "value_prop": "Bond for small contractors bidding on public works jobs", "application_link": "http://sbfdoc.com/programs/surety-bond/", "benefit_types": [1], "industries": [4], "purposes": []}}, {"model": "matcher.longbeachopportunity", "pk": 32, "fields": {"description": "The New Employment Credit (NEC) is a California income tax credit available to employers for taxable years beginning on or after January 1, 2014, and before January 1, 2021. To obtain a credit a qualified taxpayer must hire a qualified full-time employee on or after January 1, 2014, and pay qualified wages attributable to work performed by the qualified full-time employee in a Designated Geographic Area (DGA), and receive a Tentative Credit Reservation (TCR) from the Franchise Tax Board (within 30 days of complying with the EDD new hire reporting requirement) for that qualified full-time employee. In addition, a qualified taxpayer must annually certify each qualified employee. The credit is based on 35% of qualified wages or wages between 150% (or $10 for a Pilot Area) and 350% of minimum wage. In order to generate an allowable credit, the qualified taxpayer must have a net increase in its total number of full-time employees working in California, when compared to its base year both based on annual full-time equivalents.", "value_prop": "Income tax credit for employing workers with good wages", "application_link": "https://www.ftb.ca.gov/online/New_Employment_Credit_Reservation/index.shtml", "benefit_types": [1], "industries": [], "purposes": [1]}}, {"model": "matcher.longbeachopportunity", "pk": 33, "fields": {"description": "The VAPG program helps agricultural producers enter into value-added activities related to the processing and/or marketing of bio-based, value-added products. Generating new products, creating and expanding marketing opportunities, and increasing producer income are the goals of this program. You may receive priority if you are a beginning farmer or rancher, a socially-disadvantaged farmer or rancher, a small or medium-sized farm or ranch structured as a family farm, a farmer or rancher cooperative, or are proposing a mid-tier value chain. Grants are awarded through a national competition. Each fiscal year, applications are requested through a notice published in the Federal Register and through an announcement posted on Grants.gov.\r\n\r\nMaximum Grant Amount: $75,000 for planning grants; $250,000 for working capital grants\r\nMatching Funds Requirements: 50% of total project costs", "value_prop": "Grants for agricultural producers", "application_link": "http://www.rd.usda.gov/programs-services/value-added-producer-grants", "benefit_types": [1], "industries": [2], "purposes": []}}, {"model": "matcher.longbeachopportunity", "pk": 34, "fields": {"description": "USDA's Farm Service Agency (FSA) provides Emergency loans to help producers who own or operate located in a county declared by the President or designated by the Secretary of Agriculture as a primary disaster area or quarantine area. All counties contiguous to the declared, designated, or quarantined primary counties also are eligible for Emergency loans.\r\n\r\nEmergency loan funds may be used to: \r\n- Restore or replace essential property\r\n- Pay all or part of production costs associated with the disaster year\r\n- Pay essential family living expenses\r\n- Reorganize the farming operation\r\n- Refinance certain debts, excluding real estate \r\n- The maximum loan amount for an Emergency loan is $500,000.", "value_prop": "Agricultural disaster recovery loans of up to $500,000", "application_link": "http://www.fsa.usda.gov/programs-and-services/farm-loan-programs/emergency-farm-loans/index", "benefit_types": [1], "industries": [2], "purposes": [5]}}, {"model": "matcher.longbeachopportunity", "pk": 35, "fields": {"description": "STEP provides financial awards to state and territory governments to assist small businesses with export development. This program's mission is to increase the number of US Small Business exporters and increase their export sales.\r\n\r\nSTEP financial support helps US small businesses:\r\n- Learn how to export\r\n- Participate in foreign trade missions and trade shows\r\n- Obtain services to support foreign market entry\r\n- Develop websites to attract foreign buyers\r\n- Design international marketing products or campaigns", "value_prop": "Assistance for small businesses setting up and expanding international exports", "application_link": "https://www.sba.gov/managing-business/exporting/step", "benefit_types": [2], "industries": [], "purposes": []}}, {"model": "matcher.longbeachopportunity", "pk": 36, "fields": {"description": "A $2,000 reimbursement grant for eligible new businesses.", "value_prop": "$2,000 reimbursement grant for eligible new businesses", "application_link": "http://www.longbeach.gov/citymanager/economic-development/financial-assistance/", "benefit_types": [1], "industries": [], "purposes": []}}, {"model": "matcher.longbeachopportunity", "pk": 37, "fields": {"description": "The staff at the Jewish Free Loan Association welcomes your application for a small business loan. Our loan committee requires that our borrowers thoroughly consider the financial needs of their business.\r\nLoans are considered on a case-by-case basis and can be up to $15,000 maximum. Each applicant presents individual circumstances to be considered by the Loan Committee. Please note: we do not offer small business loans to nonprofit organizations.", "value_prop": "Interest-free loans for small businesses", "application_link": "https://www.jfla.org/apply-for-a-loan/", "benefit_types": [1], "industries": [], "purposes": [5, 3, 1, 2, 4]}}, {"model": "matcher.longbeachopportunity", "pk": 38, "fields": {"description": "We offer small business financing technical assistance and we originate small business loans to small businesses throughout Los Angeles. The advice we offer will increase the likelihood that your small business loan will be funded. As a designated SBA microloan and Community Advantage lender, PACE is known for funding businesses that have been turned down by traditional financial institutions. Headquartered in Downtown Los Angeles, PACE has over 20 years of experience in providing loans to businesses of all sizes.", "value_prop": "Small business loans", "application_link": "http://pacela.org/what-we-do/business-development/business-financing/", "benefit_types": [1], "industries": [], "purposes": []}}, {"model": "matcher.longbeachopportunity", "pk": 42, "fields": {"description": "The NDC Grow America Fund is a national small business lending program, working with individual Community Partners, to provide financing to growing small businesses throughout the country. NDC operates as a community development lender to support the creation of jobs and the expansion of eligible small businesses in underserved communities, particularly minority and women-owned businesses. Our loans are partially guaranteed by the U.S. Small Business Administration under NDC Grow America Fund\u2019s Small Business Lending Company license. We have Preferred Lender status nationwide.", "value_prop": "Loans from $350k to $2M", "application_link": "http://ndconline.org/wp-content/uploads/2016/02/NDC-GAF-application-2016.pdf", "benefit_types": [1], "industries": [], "purposes": []}}, {"model": "admin.logentry", "pk": 1, "fields": {"action_time": "2016-07-19T21:09:27.454Z", "user": 1, "content_type": 14, "object_id": "35", "object_repr": "State Trade Expansion Program (STEP)", "action_flag": 2, "change_message": "Changed small_business, description and value_prop."}}, {"model": "admin.logentry", "pk": 2, "fields": {"action_time": "2016-07-19T21:11:18.900Z", "user": 1, "content_type": 14, "object_id": "34", "object_repr": "Emergency Farm Loans", "action_flag": 2, "change_message": "Changed industries, description and value_prop."}}, {"model": "admin.logentry", "pk": 3, "fields": {"action_time": "2016-07-19T21:13:56.759Z", "user": 1, "content_type": 14, "object_id": "33", "object_repr": "Value Added Producer Grants", "action_flag": 2, "change_message": "Changed existing_business, description and value_prop."}}, {"model": "admin.logentry", "pk": 4, "fields": {"action_time": "2016-07-19T22:27:52.717Z", "user": 1, "content_type": 14, "object_id": "32", "object_repr": "New Employment Credit (NEC)", "action_flag": 2, "change_message": "Changed description and value_prop."}}, {"model": "admin.logentry", "pk": 5, "fields": {"action_time": "2016-07-19T22:29:48.659Z", "user": 1, "content_type": 14, "object_id": "31", "object_repr": "Surety Bond", "action_flag": 2, "change_message": "Changed industries, existing_business, small_business, description and value_prop."}}, {"model": "admin.logentry", "pk": 6, "fields": {"action_time": "2016-07-19T22:32:43.249Z", "user": 1, "content_type": 14, "object_id": "30", "object_repr": "Replacing Underground Storage Tank (RUST) Loan Program", "action_flag": 2, "change_message": "Changed industries, description and value_prop."}}, {"model": "admin.logentry", "pk": 7, "fields": {"action_time": "2016-07-19T22:33:37.871Z", "user": 1, "content_type": 14, "object_id": "29", "object_repr": "Business Assistance", "action_flag": 2, "change_message": "Changed description, value_prop and application_link."}}, {"model": "admin.logentry", "pk": 8, "fields": {"action_time": "2016-07-19T22:35:13.901Z", "user": 1, "content_type": 14, "object_id": "28", "object_repr": "Mentoring", "action_flag": 2, "change_message": "Changed description, value_prop and application_link."}}, {"model": "admin.logentry", "pk": 9, "fields": {"action_time": "2016-07-19T22:35:25.076Z", "user": 1, "content_type": 14, "object_id": "28", "object_repr": "Mentoring", "action_flag": 2, "change_message": "Changed value_prop."}}, {"model": "admin.logentry", "pk": 10, "fields": {"action_time": "2016-07-19T22:37:58.592Z", "user": 1, "content_type": 14, "object_id": "27", "object_repr": "CDC/504", "action_flag": 2, "change_message": "Changed purposes, description and value_prop."}}, {"model": "admin.logentry", "pk": 11, "fields": {"action_time": "2016-07-19T22:39:17.844Z", "user": 1, "content_type": 14, "object_id": "26", "object_repr": "Economic Injury Disaster Loans", "action_flag": 2, "change_message": "Changed description and value_prop."}}, {"model": "admin.logentry", "pk": 12, "fields": {"action_time": "2016-07-19T22:42:38.413Z", "user": 1, "content_type": 14, "object_id": "25", "object_repr": "LINC", "action_flag": 2, "change_message": "Changed description and value_prop."}}, {"model": "admin.logentry", "pk": 13, "fields": {"action_time": "2016-07-19T22:45:36.043Z", "user": 1, "content_type": 14, "object_id": "24", "object_repr": "Grants for Air Emissions Reductions", "action_flag": 2, "change_message": "Changed description and value_prop."}}, {"model": "admin.logentry", "pk": 14, "fields": {"action_time": "2016-07-19T22:48:03.752Z", "user": 1, "content_type": 14, "object_id": "23", "object_repr": "Permit Research Assistance", "action_flag": 2, "change_message": "Changed existing_business, description and value_prop."}}, {"model": "admin.logentry", "pk": 15, "fields": {"action_time": "2016-07-19T22:50:18.649Z", "user": 1, "content_type": 14, "object_id": "21", "object_repr": "10000 Small Businesses", "action_flag": 2, "change_message": "Changed existing_business, description and value_prop."}}, {"model": "admin.logentry", "pk": 16, "fields": {"action_time": "2016-07-19T22:51:28.658Z", "user": 1, "content_type": 14, "object_id": "20", "object_repr": "Permit Assistance", "action_flag": 2, "change_message": "Changed description and value_prop."}}, {"model": "admin.logentry", "pk": 17, "fields": {"action_time": "2016-07-20T00:36:30.205Z", "user": 1, "content_type": 14, "object_id": "16", "object_repr": "Small Business Program (SBP)", "action_flag": 2, "change_message": "Changed small_business, purposes, description and value_prop."}}, {"model": "admin.logentry", "pk": 18, "fields": {"action_time": "2016-07-20T00:38:55.179Z", "user": 1, "content_type": 14, "object_id": "14", "object_repr": "Native Initiatives", "action_flag": 2, "change_message": "Changed benefit_types, industries, existing_business, description and value_prop."}}, {"model": "admin.logentry", "pk": 19, "fields": {"action_time": "2016-07-20T00:41:14.571Z", "user": 1, "content_type": 14, "object_id": "13", "object_repr": "Bank Enterprise Award", "action_flag": 2, "change_message": "Changed industries, description and value_prop."}}, {"model": "admin.logentry", "pk": 20, "fields": {"action_time": "2016-07-20T00:43:56.690Z", "user": 1, "content_type": 14, "object_id": "11", "object_repr": "Grow Long Beach Loan Program", "action_flag": 2, "change_message": "Changed small_business, description and value_prop."}}, {"model": "admin.logentry", "pk": 21, "fields": {"action_time": "2016-07-20T00:45:57.692Z", "user": 1, "content_type": 14, "object_id": "10", "object_repr": "Long Beach Business Loan Program", "action_flag": 2, "change_message": "Changed existing_business, small_business, description, value_prop and application_link."}}, {"model": "admin.logentry", "pk": 22, "fields": {"action_time": "2016-07-20T00:47:16.558Z", "user": 1, "content_type": 14, "object_id": "36", "object_repr": "Business Start-up Grant", "action_flag": 1, "change_message": "Added."}}, {"model": "admin.logentry", "pk": 23, "fields": {"action_time": "2016-07-20T00:48:50.083Z", "user": 1, "content_type": 14, "object_id": "9", "object_repr": "Incentive For Renovation And Construction", "action_flag": 2, "change_message": "Changed description and value_prop."}}, {"model": "admin.logentry", "pk": 24, "fields": {"action_time": "2016-07-20T00:50:14.172Z", "user": 1, "content_type": 14, "object_id": "7", "object_repr": "Microenterprise Loan Program", "action_flag": 2, "change_message": "Changed description and value_prop."}}, {"model": "admin.logentry", "pk": 25, "fields": {"action_time": "2016-07-20T00:52:31.244Z", "user": 1, "content_type": 14, "object_id": "4", "object_repr": "Manufacturing and Research & Development Equipment Exemption", "action_flag": 2, "change_message": "Changed description and value_prop."}}, {"model": "admin.logentry", "pk": 26, "fields": {"action_time": "2016-07-20T00:55:00.995Z", "user": 1, "content_type": 14, "object_id": "2", "object_repr": "Bixby Knolls Area Business Support", "action_flag": 2, "change_message": "Changed small_business, description and value_prop."}}, {"model": "admin.logentry", "pk": 27, "fields": {"action_time": "2016-07-20T16:55:42.752Z", "user": 1, "content_type": 14, "object_id": "1", "object_repr": "4th Street Area Business Support", "action_flag": 2, "change_message": "Changed description, value_prop and application_link."}}, {"model": "admin.logentry", "pk": 28, "fields": {"action_time": "2016-07-20T16:55:58.037Z", "user": 1, "content_type": 14, "object_id": "1", "object_repr": "4th Street Area Business Support", "action_flag": 2, "change_message": "Changed value_prop."}}, {"model": "admin.logentry", "pk": 29, "fields": {"action_time": "2016-07-20T16:57:26.897Z", "user": 1, "content_type": 10, "object_id": "13", "object_repr": "Cambodia Town BID", "action_flag": 2, "change_message": "Changed name."}}, {"model": "admin.logentry", "pk": 30, "fields": {"action_time": "2016-07-20T16:58:06.292Z", "user": 1, "content_type": 14, "object_id": "22", "object_repr": "Cambodia Town Area Business Support", "action_flag": 2, "change_message": "Changed title, description, value_prop and application_link."}}, {"model": "admin.logentry", "pk": 31, "fields": {"action_time": "2016-07-20T16:59:40.898Z", "user": 1, "content_type": 14, "object_id": "3", "object_repr": "Sales and Use Tax Exclusion \u2013 Advanced Manufacturing & Transportation and Alternative Energy", "action_flag": 2, "change_message": "Changed description and value_prop."}}, {"model": "admin.logentry", "pk": 32, "fields": {"action_time": "2016-07-20T17:01:50.574Z", "user": 1, "content_type": 14, "object_id": "5", "object_repr": "Incentive To Relocate Or Expand A Small Business", "action_flag": 2, "change_message": "Changed description."}}, {"model": "admin.logentry", "pk": 33, "fields": {"action_time": "2016-07-20T17:03:00.627Z", "user": 1, "content_type": 14, "object_id": "6", "object_repr": "Incentive To Create Jobs", "action_flag": 2, "change_message": "Changed description and value_prop."}}, {"model": "admin.logentry", "pk": 34, "fields": {"action_time": "2016-07-20T17:04:06.465Z", "user": 1, "content_type": 14, "object_id": "8", "object_repr": "Incentive To Support Manufacturing", "action_flag": 2, "change_message": "Changed description."}}, {"model": "admin.logentry", "pk": 35, "fields": {"action_time": "2016-07-20T21:01:06.826Z", "user": 1, "content_type": 14, "object_id": "9", "object_repr": "Incentive For Renovation And Construction", "action_flag": 2, "change_message": "Changed description."}}, {"model": "admin.logentry", "pk": 36, "fields": {"action_time": "2016-07-20T21:01:28.320Z", "user": 1, "content_type": 14, "object_id": "9", "object_repr": "Incentive For Renovation And Construction", "action_flag": 2, "change_message": "Changed description."}}, {"model": "admin.logentry", "pk": 37, "fields": {"action_time": "2016-07-20T21:01:53.781Z", "user": 1, "content_type": 14, "object_id": "9", "object_repr": "Incentive For Renovation And Construction", "action_flag": 2, "change_message": "Changed personal_investment."}}, {"model": "admin.logentry", "pk": 38, "fields": {"action_time": "2016-07-20T21:02:20.510Z", "user": 1, "content_type": 14, "object_id": "9", "object_repr": "Incentive For Renovation And Construction", "action_flag": 2, "change_message": "Changed industries."}}, {"model": "admin.logentry", "pk": 39, "fields": {"action_time": "2016-08-05T19:05:39.990Z", "user": 1, "content_type": 4, "object_id": "2", "object_repr": "seyed.jalali@longbeach.gov", "action_flag": 1, "change_message": "Added."}}, {"model": "admin.logentry", "pk": 40, "fields": {"action_time": "2016-08-05T19:06:04.070Z", "user": 1, "content_type": 4, "object_id": "2", "object_repr": "seyed.jalali@longbeach.gov", "action_flag": 2, "change_message": "Changed is_staff."}}, {"model": "admin.logentry", "pk": 41, "fields": {"action_time": "2016-08-05T19:06:35.388Z", "user": 1, "content_type": 4, "object_id": "2", "object_repr": "seyed.jalali@longbeach.gov", "action_flag": 2, "change_message": "Changed first_name, last_name and email."}}, {"model": "admin.logentry", "pk": 42, "fields": {"action_time": "2016-08-05T22:23:30.838Z", "user": 1, "content_type": 10, "object_id": "21", "object_repr": "Jewish Free Loan Association", "action_flag": 1, "change_message": "Added."}}, {"model": "admin.logentry", "pk": 43, "fields": {"action_time": "2016-08-05T22:26:09.100Z", "user": 1, "content_type": 14, "object_id": "37", "object_repr": "Economic Development Loan Programs", "action_flag": 1, "change_message": "Added."}}, {"model": "admin.logentry", "pk": 44, "fields": {"action_time": "2016-08-05T22:29:25.345Z", "user": 1, "content_type": 10, "object_id": "22", "object_repr": "Pacific Asian Consortium in Employment (PACE)", "action_flag": 1, "change_message": "Added."}}, {"model": "admin.logentry", "pk": 45, "fields": {"action_time": "2016-08-05T22:30:15.395Z", "user": 1, "content_type": 14, "object_id": "38", "object_repr": "Microloans for small businesses", "action_flag": 1, "change_message": "Added."}}, {"model": "admin.logentry", "pk": 46, "fields": {"action_time": "2016-08-05T22:32:05.149Z", "user": 1, "content_type": 4, "object_id": "2", "object_repr": "seyed.jalali@longbeach.gov", "action_flag": 2, "change_message": "Changed password."}}, {"model": "admin.logentry", "pk": 47, "fields": {"action_time": "2016-08-05T22:34:02.529Z", "user": 1, "content_type": 4, "object_id": "2", "object_repr": "seyed.jalali@longbeach.gov", "action_flag": 2, "change_message": "Changed user_permissions and last_login."}}, {"model": "admin.logentry", "pk": 48, "fields": {"action_time": "2016-08-15T20:49:59.153Z", "user": 1, "content_type": 4, "object_id": "3", "object_repr": "citystaffuser", "action_flag": 1, "change_message": "Added."}}, {"model": "admin.logentry", "pk": 49, "fields": {"action_time": "2016-08-15T20:50:16.465Z", "user": 1, "content_type": 4, "object_id": "3", "object_repr": "citystaffuser", "action_flag": 2, "change_message": "Changed first_name, last_name and is_staff."}}, {"model": "admin.logentry", "pk": 50, "fields": {"action_time": "2016-08-15T20:51:45.554Z", "user": 1, "content_type": 3, "object_id": "1", "object_repr": "City Staff Supervisors", "action_flag": 1, "change_message": "Added."}}, {"model": "admin.logentry", "pk": 51, "fields": {"action_time": "2016-08-15T20:52:27.498Z", "user": 1, "content_type": 3, "object_id": "2", "object_repr": "City Staff", "action_flag": 1, "change_message": "Added."}}, {"model": "admin.logentry", "pk": 52, "fields": {"action_time": "2016-08-15T20:52:52.862Z", "user": 1, "content_type": 4, "object_id": "3", "object_repr": "citystaffuser", "action_flag": 2, "change_message": "Changed groups."}}, {"model": "admin.logentry", "pk": 53, "fields": {"action_time": "2016-08-15T20:53:02.047Z", "user": 1, "content_type": 4, "object_id": "4", "object_repr": "citystaffsupervisor", "action_flag": 1, "change_message": "Added."}}, {"model": "admin.logentry", "pk": 55, "fields": {"action_time": "2016-08-15T20:55:35.201Z", "user": 1, "content_type": 3, "object_id": "2", "object_repr": "City Staff", "action_flag": 2, "change_message": "Changed permissions."}}, {"model": "admin.logentry", "pk": 60, "fields": {"action_time": "2016-08-15T20:57:49.136Z", "user": 1, "content_type": 4, "object_id": "4", "object_repr": "citystaffsupervisor", "action_flag": 2, "change_message": "Changed is_staff."}}, {"model": "admin.logentry", "pk": 61, "fields": {"action_time": "2016-08-15T20:58:42.589Z", "user": 1, "content_type": 4, "object_id": "4", "object_repr": "citystaffsupervisor", "action_flag": 2, "change_message": "Changed groups."}}, {"model": "admin.logentry", "pk": 62, "fields": {"action_time": "2016-08-15T20:59:23.405Z", "user": 1, "content_type": 3, "object_id": "1", "object_repr": "City Staff Supervisors", "action_flag": 2, "change_message": "Changed permissions."}}, {"model": "admin.logentry", "pk": 63, "fields": {"action_time": "2016-08-15T21:36:00.990Z", "user": 1, "content_type": 4, "object_id": "2", "object_repr": "seyed.jalali@longbeach.gov", "action_flag": 2, "change_message": "Changed groups."}}, {"model": "admin.logentry", "pk": 64, "fields": {"action_time": "2016-08-15T21:36:12.890Z", "user": 1, "content_type": 4, "object_id": "4", "object_repr": "citystaffsupervisor", "action_flag": 3, "change_message": ""}}, {"model": "admin.logentry", "pk": 65, "fields": {"action_time": "2016-08-15T21:36:12.893Z", "user": 1, "content_type": 4, "object_id": "3", "object_repr": "citystaffuser", "action_flag": 3, "change_message": ""}}, {"model": "admin.logentry", "pk": 66, "fields": {"action_time": "2016-09-19T22:15:11.101Z", "user": 1, "content_type": 4, "object_id": "5", "object_repr": "patrickm", "action_flag": 1, "change_message": "Added."}}, {"model": "admin.logentry", "pk": 67, "fields": {"action_time": "2016-09-19T22:16:00.120Z", "user": 1, "content_type": 4, "object_id": "5", "object_repr": "patrickm", "action_flag": 2, "change_message": "Changed is_staff and is_superuser."}}, {"model": "admin.logentry", "pk": 68, "fields": {"action_time": "2016-09-19T22:16:30.839Z", "user": 1, "content_type": 4, "object_id": "6", "object_repr": "mikela", "action_flag": 1, "change_message": "Added."}}, {"model": "admin.logentry", "pk": 69, "fields": {"action_time": "2016-09-19T22:16:36.389Z", "user": 1, "content_type": 4, "object_id": "6", "object_repr": "mikela", "action_flag": 2, "change_message": "Changed is_staff and is_superuser."}}, {"model": "admin.logentry", "pk": 70, "fields": {"action_time": "2016-09-28T16:05:43.886Z", "user": 1, "content_type": 14, "object_id": "8", "object_repr": "Incentive To Support Manufacturing", "action_flag": 2, "change_message": "Changed value_prop."}}, {"model": "admin.logentry", "pk": 71, "fields": {"action_time": "2016-09-29T22:59:20.073Z", "user": 5, "content_type": 14, "object_id": "40", "object_repr": "Manufacturing Equipment Fund", "action_flag": 1, "change_message": "Added."}}, {"model": "admin.logentry", "pk": 72, "fields": {"action_time": "2016-09-29T23:00:40.891Z", "user": 5, "content_type": 14, "object_id": "40", "object_repr": "Manufacturing Equipment Fund", "action_flag": 3, "change_message": ""}}, {"model": "admin.logentry", "pk": 73, "fields": {"action_time": "2016-09-29T23:25:51.133Z", "user": 5, "content_type": 14, "object_id": "41", "object_repr": "Manufacturing Equipment Fund", "action_flag": 1, "change_message": "Added."}}, {"model": "admin.logentry", "pk": 74, "fields": {"action_time": "2016-09-29T23:26:56.972Z", "user": 5, "content_type": 14, "object_id": "41", "object_repr": "Manufacturing Equipment Fund", "action_flag": 3, "change_message": ""}}, {"model": "admin.logentry", "pk": 75, "fields": {"action_time": "2016-09-30T22:15:10.237Z", "user": 5, "content_type": 7, "object_id": "5", "object_repr": "Test", "action_flag": 1, "change_message": "Added."}}, {"model": "admin.logentry", "pk": 76, "fields": {"action_time": "2016-09-30T22:15:41.753Z", "user": 5, "content_type": 7, "object_id": "5", "object_repr": "Test", "action_flag": 3, "change_message": ""}}, {"model": "admin.logentry", "pk": 77, "fields": {"action_time": "2016-10-03T16:25:36.584Z", "user": 1, "content_type": 10, "object_id": "24", "object_repr": "National Development Council", "action_flag": 1, "change_message": "Added."}}, {"model": "admin.logentry", "pk": 78, "fields": {"action_time": "2016-10-03T16:26:56.214Z", "user": 1, "content_type": 14, "object_id": "42", "object_repr": "Grow America Fund", "action_flag": 1, "change_message": "Added."}}]